CAPPED-TIER CDC STRESS — can a 0.5 CPU / 256 MB drain keep up with
1,000,000 changed rows per table per minute across 30 tables in one group?
raw log, generated 2026-10-04T09:01:13Z on the bench VPS
host: 16 cores, 61 GB RAM, shared with production

===== 1. the tool and its provenance, asserted from inside the cage
  apitap.__version__       0.57.0
  interpreter              3.13.3 (abi3 wheel)
  _apitap.abi3.so md5      41e9f7c252d3e1eb5403b70f87bf5435
  the site-packages is bind-mounted READ-ONLY at /py and put on PYTHONPATH, so
  the PyPI wheel is what runs and nothing is built on this box. Every leg
  re-asserts it from inside the cage — e.g. the stress drain's own log:
    APITAP_SO_MD5 41e9f7c252d3e1eb5403b70f87bf5435
    APITAP_TABLES 30
    APITAP_VERSION 0.57.0

  the rival: walshadow 0.1.2, its own release artifact, sha256-verified
    walshadow-stream 0.1.2 (73329e4)
    f0645c15b80b20d55643bfd4dd285176488a3ca896cde910aa9747bcb61c7e01  walshadow-0.1.2-x86_64-unknown-linux-gnu.tar.gz
    a1d42b9ad4979eb5cc753c4b982d6b5b50275a496c177e4c7e56c4f3a9d4cb22  walshadow-pgext-0.1.2-pg16-x86_64-unknown-linux-gnu.tar.gz

===== 2. the rig, and every setting that differs from the previous campaign
apitap-bench-cdc-pg  postgres:16-alpine  Up 4 hours  127.0.0.1:5548->5432/tcp
apitap-bench-cdc-my  mysql:8.0  Up 5 hours  33060/tcp, 127.0.0.1:3313->3306/tcp
apitap-bench-cdc-ch  clickhouse/clickhouse-server:24.8  Up 7 hours  9009/tcp, 127.0.0.1:8128->8123/tcp, 127.0.0.1:9128->9000/tcp
    checkpoint_timeout = 300s
    full_page_writes = on
    logical_decoding_work_mem = 262144kB
    max_connections = 200
    max_replication_slots = 10
    max_slot_wal_keep_size = 12288MB
    max_wal_senders = 10
    max_wal_size = 2048MB
    min_wal_size = 512MB
    server_version = 16.13
    shared_buffers = 1310728kB
    synchronous_commit = off
    wal_compression = off
    wal_level = logical
    ClickHouse 24.8.14.39
  vs the previous campaign's rig: max_slot_wal_keep_size 6GB -> 12GB (the safety
  valve), max_wal_size 4GB -> 2GB, shared_buffers 128MB -> 1GB,
  max_connections 80 -> 200, checkpoint_timeout 30min -> 5min, synchronous_commit
  on -> off, wal_compression off (unchanged). Every one of these is a setting on
  the UNCAPPED source and changes nothing the capped container may do.

===== 2b. WINDOW C and the two bootstraps' own receipts
--- /home/ubuntu/bench-cdc-stress/rerun.log ---
    (drain 1 applied 3990000 changes)
    (drain 2 applied 0 changes)
    APITAP_SO_MD5 41e9f7c252d3e1eb5403b70f87bf5435
    APITAP_TABLES 30
    APITAP_VERSION 0.57.0
    DRAIN pass=1 rows=0 wall_s=3.579 budget=1 tables_reporting=30 fd_now=4 fd_peak=12
    DRAIN pass=1 rows=31083000 wall_s=164.450 budget=8 tables_reporting=30 fd_now=4 fd_peak=30
    DRAIN pass=1 rows=3990000 wall_s=581.099 budget=1 tables_reporting=30 fd_now=4 fd_peak=13
    ELAPSED 164.450
    ELAPSED 3.579
    ELAPSED 581.099
    FD_END 4
    FD_PEAK 12
    FD_PEAK 13
    FD_PEAK 30
    MEMEVENTS=high 0 max 0 oom 0 oom_kill 0 
    MEMPEAK=56041472
    MEMPEAK=60850176
    MEMPEAK=65843200
    cgroup_memory_peak_mb 53.4
    cgroup_memory_peak_mb 58.0
    cgroup_memory_peak_mb 62.8
    docker_state false 0 (OOMKilled ExitCode)
    slot:      apitap_g25786459cc6 active=false reserved retained=54 MB
    slot:      apitap_g25786459cc6 active=false reserved retained=8792 kB
    stopped_by completed
    wall_container_s 166.1
    wall_container_s 5.1
    wall_container_s 582.5
    watermark: lsn 18196168936 .. 18196168936 distinct=1 tables=30
    watermark: lsn 19459487048 .. 19459487048 distinct=1 tables=30
  == EMPTY destination, pre-seeded source: ONE transfer over ONE group ==
  == WINDOW C total wall 832.0s ==
  == WINDOW C: 133 transactions per table x 1000 changes, 1.35s apart ==
  == and the destination against the source, FRESH checksums ==
  == the bootstrap's landing, checksum-verified BEFORE any change stream ==
  LEG apitap tag=bootstrap mode=catchup
  LEG apitap tag=calm-drain1 mode=drain
  LEG apitap tag=calm-drain2 mode=drain
  TOTAL_ROWS 31083000
  TOTAL_ROWS 31153400
  VERIFY_SUMMARY checked=30 of 30 match=30 mismatch=0
  WRITER label=calm sessions=15 ntxn=133 tick=1.35 band_base=952801 wall_s=182.3 committed_txns=3990 changes=3990000
--- /home/ubuntu/bench-cdc-stress/bootstrap.log ---
    APITAP_SO_MD5 41e9f7c252d3e1eb5403b70f87bf5435
    APITAP_TABLES 30
    APITAP_VERSION 0.57.0
    DRAIN pass=1 rows=31083000 wall_s=165.228 budget=8 tables_reporting=30 fd_now=4 fd_peak=30
    ELAPSED 165.228
    FD_END 4
    FD_PEAK 30
    MEMEVENTS=high 0 max 0 oom 0 oom_kill 0 
    MEMPEAK=51539968
    cgroup_memory_peak_mb 49.2
    docker_state false 0 (OOMKilled ExitCode)
    slot:      apitap_g25786459cc6 active=false reserved retained=344 bytes
    stopped_by completed
    wall_container_s 166.6
    watermark: lsn 14478951640 .. 14478951640 distinct=1 tables=30
  == EMPTY destination, pre-seeded source: ONE transfer over ONE group ==
  == the bootstrap's landing, checksum-verified BEFORE any change stream ==
  LEG apitap tag=bootstrap mode=catchup
  TOTAL_ROWS 31083000
  VERIFY_SUMMARY checked=30 of 30 match=30 mismatch=0

===== 3. the calibration that decided the design (before anything was timed)
  WAL bytes per change, per statement kind, by compression and page temperature,
  and writer throughput with 1/8/15/30 concurrent psql sessions:
-rw-rw-r-- 1 ubuntu ubuntu 4989 Oct  4 08:48 /home/ubuntu/bench-cdc-stress/logs/calibration.log
== the scratch table: a clone of cdc_pg_t01, 1,036,000 rows ==
NOTICE:  table "cdc_cal" does not exist, skipping
  1036100 rows, 284 MB

== source settings in force for this measurement ==
   checkpoint_timeout = 300s
   full_page_writes = on
   max_slot_wal_keep_size = 12288MB
   max_wal_size = 2048MB
   min_wal_size = 512MB
   shared_buffers = 1310728kB
   synchronous_commit = off
   wal_compression = off
   wal_level = logical

== 1 + 2. WAL bytes per change, by compression setting and page temperature ==
   COLD = a band no transaction in this test has touched (full page images).
   HOT  = the same band, still resident in shared_buffers (no FPI).
   --- wal_compression = off
   UPDATE x800  COLD band                   319984 B  /     800 changes =    400.0 B/change
   UPDATE x800  HOT  band                   329184 B  /     800 changes =    411.5 B/change
   INSERT x100 COLD (new pages)              29104 B  /     100 changes =    291.0 B/change
   INSERT x100 COLD (new pages)              35640 B  /     100 changes =    356.4 B/change
   DELETE x100 (recent inserts)               6784 B  /     100 changes =     67.8 B/change
   UPDATE x800 x2, same COLD band           654872 B  /    1600 changes =    409.3 B/change
   UPDATE x800 x20, same HOT band          6444000 B  /   16000 changes =    402.8 B/change
   --- wal_compression = pglz
   UPDATE x800  COLD band                   330296 B  /     800 changes =    412.9 B/change
   UPDATE x800  HOT  band                   325168 B  /     800 changes =    406.5 B/change
psql:<stdin>:12: ERROR:  duplicate key value violates unique constraint "cdc_cal_pkey"
DETAIL:  Key (id)=(6000000) already exists.
   INSERT x100 COLD (new pages)                304 B  /     100 changes =      3.0 B/change
   INSERT x100 COLD (new pages)              33192 B  /     100 changes =    331.9 B/change
   DELETE x100 (recent inserts)               7248 B  /     100 changes =     72.5 B/change
   UPDATE x800 x2, same COLD band           622696 B  /    1600 changes =    389.2 B/change
   UPDATE x800 x20, same HOT band          6115296 B  /   16000 changes =    382.2 B/change
   --- wal_compression = lz4
   UPDATE x800  COLD band                   322712 B  /     800 changes =    403.4 B/change
   UPDATE x800  HOT  band                   328760 B  /     800 changes =    410.9 B/change
psql:<stdin>:12: ERROR:  duplicate key value violates unique constraint "cdc_cal_pkey"
DETAIL:  Key (id)=(6000000) already exists.
   INSERT x100 COLD (new pages)                304 B  /     100 changes =      3.0 B/change
   INSERT x100 COLD (new pages)              31432 B  /     100 changes =    314.3 B/change
   DELETE x100 (recent inserts)               5056 B  /     100 changes =     50.6 B/change
   UPDATE x800 x2, same COLD band           587608 B  /    1600 changes =    367.3 B/change
   UPDATE x800 x20, same HOT band          5809984 B  /   16000 changes =    363.1 B/change
   --- wal_compression = zstd
   UPDATE x800  COLD band                   327400 B  /     800 changes =    409.2 B/change
   UPDATE x800  HOT  band                   327296 B  /     800 changes =    409.1 B/change
psql:<stdin>:12: ERROR:  duplicate key value violates unique constraint "cdc_cal_pkey"
DETAIL:  Key (id)=(6000000) already exists.
   INSERT x100 COLD (new pages)                304 B  /     100 changes =      3.0 B/change
   INSERT x100 COLD (new pages)              32104 B  /     100 changes =    321.0 B/change
   DELETE x100 (recent inserts)               5920 B  /     100 changes =     59.2 B/change
   UPDATE x800 x2, same COLD band           565248 B  /    1600 changes =    353.3 B/change
   UPDATE x800 x20, same HOT band          5513216 B  /   16000 changes =    344.6 B/change
   restored wal_compression = off

== what a 90,000,000-change stream costs in WAL, from the HOT figures above ==
   (80% UPDATE / 10% INSERT / 10% DELETE, the mix the stress writer will use)
== the scratch table: a clone of cdc_pg_t01, 1,036,000 rows ==
NOTICE:  table "cdc_cal" does not exist, skipping
  1036100 rows, 284 MB

== 3. writer throughput: the same 1000-change transaction, N concurrent psql sessions ==
   wal_compression=lz4 synchronous_commit=off shared_buffers=1GB
    1 sessions x  40 txns:   0.58 s      68585 changes/s     68585/s/session  WAL   0.01 GB    329 B/change
    8 sessions x  40 txns:   1.44 s     222606 changes/s     27826/s/session  WAL   0.10 GB    330 B/change
   15 sessions x  40 txns:   2.28 s     262693 changes/s     17513/s/session  WAL   0.18 GB    330 B/change
   30 sessions x  40 txns:   3.84 s     312574 changes/s     10419/s/session  WAL   0.37 GB    335 B/change
   each session owns its own fixed 800-row update band and its own id ranges,
   so the sessions never collide — this is exactly the stress writer's shape
   host: loadavg 5.85 7.23 8.57  MemAvailable=45869192 kB

== the scratch table is gone; the campaign's thirty tables are untouched ==
  30 tables, 13 GB
  rows: 31083000

===== 3b. was the 0.5 CPU quota DELIVERED under the writer? (a separate measurement)
  == CPU delivered to the SAME 0.5-CPU cage, idle host vs under the writer ==
     host: 16 cores, loadavg 4.16 6.03 7.77
    idle: iterations 27800000 wall_s 25.03 rate_per_s 1110544
      cpu.stat       (cgroup gone — the container was removed)
  
     now the writer's full tilt: 15 psql sessions over 30 tables, unpaced
     writer running: 3600 committed transactions after 4 s
     host: loadavg 6.46 6.34 7.81, 7.3 us, 2.4 sy, 0.0 ni, 90.3 id, 0.0
    loaded: iterations 26400000 wall_s 25.17 rate_per_s 1048827
      cpu.stat       (cgroup gone — the container was removed)
  0
     writer ledger total: 3600 committed transactions
     host after: loadavg 10.29 7.31 8.09
  
  == what this says ==
     iterations/s in the same cage, idle vs loaded, is the fraction of the
     0.5 CPU the container ACTUALLY received. The kernel's nr_throttled and
     throttled_usec say whether the quota was the binding constraint.

===== 4. the state this campaign FOUND — recorded, not assumed
  == WINDOW C: 3 transactions per table x 1000 changes, 0s apart ==
     offered: 90000 changes over ~0s
     the drain runs on a 60s cadence DURING the window ==
    writer: 15 sessions x 3 transactions x 2 tables = 90000 changes offered
    writer progress lines after 5 s: 15
    writer finished in 5.6 s
    committed transactions (ledger lines): 90  -> 90000 changes
    WRITER_DONE session 0 txns 3 tables 2 changes 6000
    WRITER_DONE session 1 txns 3 tables 2 changes 6000
    WRITER_DONE session 10 txns 3 tables 2 changes 6000
  WRITER label=calm sessions=15 ntxn=3 tick=0 wall_s=5.6 committed_txns=90 changes=90000
    watermark after generation: lsn 14478951640 .. 14478951640 distinct=1 tables=30
  before apitap-bench-cdc-stress-calm-drain1 loadavg=4.65 5.42 4.77 memavail_kb=46263060 cached_kb=33609208 disk_avail=38G
  after  apitap-bench-cdc-stress-calm-drain1 loadavg=5.72 5.58 4.84 memavail_kb=46237860 cached_kb=33661340 disk_avail=38G
  LEG apitap tag=calm-drain1 mode=drain
    stopped_by completed
    wall_container_s 22.6
    docker_state false 0 (OOMKilled ExitCode)
    cgroup_memory_peak_mb 43.3
    APITAP_VERSION 0.57.0
    APITAP_SO_MD5 41e9f7c252d3e1eb5403b70f87bf5435
    APITAP_TABLES 30
    DRAIN pass=1 rows=180000 wall_s=20.796 budget=1 tables_reporting=30 fd_now=4 fd_peak=12
      per_table_rows cdc_pg_t01=6000 cdc_pg_t02=6000 cdc_pg_t03=6000 cdc_pg_t04=6000 cdc_pg_t05=6000 cdc_pg_t06=6000 cdc_pg_t07=6000 cdc_pg_t08=6000 cdc_pg_t09=6000 cdc_pg_t10=6000 cdc_pg_t11=6000 cdc_pg_t12=6000 cdc_pg_t13=6000 cdc_pg_t14=6000 cdc_pg_t15=6000 cdc_pg_t16=6000 cdc_pg_t17=6000 cdc_pg_t18=6000 cdc_pg_t19=6000 cdc_pg_t20=6000 cdc_pg_t21=6000 cdc_pg_t22=6000 cdc_pg_t23=6000 cdc_pg_t24=6000 cdc_pg_t25=6000 cdc_pg_t26=6000 cdc_pg_t27=6000 cdc_pg_t28=6000 cdc_pg_t29=6000 cdc_pg_t30=6000
      per_table_nonzero 30 of 30  sum=180000
    FDCOUNT pass=1 before=4
    FDCOUNT pass=1 after=4
    IMPORT_S 0.868
    ELAPSED 20.796
    FD_PEAK 12

===== 5. the control: GREEN x4, plus the prefix reconstruction's own control
  == 0. the control table (1000 rows, the campaign's schema, one apitap slot) ==
  NOTICE:  table "cdc_ctrl" does not exist, skipping
  SOURCE   1000|2151639950269|1|1000|31680|32000|37544|10|12|12|11
  == 1. AGREEMENT: apitap's CDC landing equals the source ==
  APITAP   1000|2151639950269|1|1000|31680|32000|37544|10|12|12|11
    the landing apitap built, before anyone else touches it:
      engine=MergeTree
      id Int32
      small_str Nullable(String)
      medium_str Nullable(String)
      large_str Nullable(String)
      tiny_int Nullable(Int16)
      regular_int Nullable(Int32)
      big_int Nullable(Int64)
      float_val Nullable(Float64)
      decimal_val Nullable(Decimal(18, 4))
      bool_val Nullable(UInt8)
      date_val Nullable(Date32)
      ts_val Nullable(DateTime64(6))
      ts_tz_val Nullable(DateTime64(6, \'UTC\'))
      json_val Nullable(String)
      extra_text Nullable(String)
      state: cursor=_lsn mode=log_based watermark=14446970424 last_rows=1000
    GREEN agreement
  == 2. SENSITIVITY: one value in one row must move the digest ==
  TAMPERED 1000|2154172601381|1|1000|31680|32000|37525|10|12|12|11
    GREEN sensitivity
  RESTORED 1000|2151639950269|1|1000|31680|32000|37544|10|12|12|11
    GREEN reversible
  == 3. THE CDC LANE: insert + update + delete, drained again ==
  SOURCE   1040|2228604318474|1|2000050|32928|33280|39026|11|13|12|12   (expected rows 1000 + 50 - 10 = 1040)
  APITAP   1040|2228604318474|1|2000050|32928|33280|39026|11|13|12|12
    GREEN the change stream follows
    the empty drain reported: IDEMPOTENT second_drain_rows=0
    GREEN an empty drain is a no-op
  == 4. THE RIVAL: walshadow's landing passes the same validator (uncapped) ==
    the rival leg will poll for 1040 rows, the source's current count
  WALSHADOW 1040|2228604318474|1|2000050|32928|33280|39026|11|13|12|12
    GREEN the rival validates
    the leg's own receipt:
      LEG walshadow tag=ctrl tuned=no
        stopped_by caught_up
        wall_container_s 33.7 
        docker_state false 0 (OOMKilled ExitCode)
        cgroup_memory_peak_mb 230.0
        host_sampled_peak_mb 230.7
        poll_last 1791089791.962261854 rows=1040
      --
      LEG walshadow tag=ctrl tuned=no
        stopped_by caught_up
        wall_container_s 35.9 
        docker_state false 0 (OOMKilled ExitCode)
        cgroup_memory_peak_mb 227.0
        host_sampled_peak_mb 224.5
        poll_last 1791089892.784291960 rows=2080
    the landing's shape, as walshadow built it:
  ReplacingMergeTree
  _lsn	UInt64
  _xid	UInt32
  _commit_ts	DateTime64(6, \'UTC\')
  _is_deleted	Bool
  == cleanup: the destination tables go, the control table goes ==
  CONTROL GREEN x4

  (start.log is written by: bash bench-capped-pg-ch-cdc-stress-0.57.sh start)
  the reconstruction at k=0 against the plain source digest, all thirty:
    diff k0.txt k0-plain.txt -> IDENTICAL, 30 of 30
    cdc_pg_t01	1036100|2225410101817416|1|40100099|32813408|33155200|38873392|10681|13116|12483|11641
    cdc_pg_t02	1036100|2225425898910876|1|40200099|32813376|33155200|38873392|10682|13116|12483|11641
    cdc_pg_t03	1036100|2225425670855461|1|40300099|32813408|33155200|38873430|10681|13115|12483|11642
    cdc_pg_t04	1036100|2225423325572510|1|40400099|32813408|33155200|38873430|10681|13115|12484|11641
    cdc_pg_t05	1036100|2225411187685696|1|40500099|32813408|33155200|38873430|10681|13115|12484|11641
    cdc_pg_t06	1036100|2225447548531885|1|40600099|32813408|33155200|38873430|10681|13115|12483|11641
    cdc_pg_t07	1036100|2225425669101759|1|40700099|32813408|33155200|38873392|10681|13116|12483|11641
    cdc_pg_t08	1036100|2225428528352476|1|40800099|32813408|33155200|38873430|10681|13115|12483|11642
    cdc_pg_t09	1036100|2225446340398443|1|40900099|32813408|33155200|38873430|10681|13115|12483|11641
    cdc_pg_t10	1036100|2225424749106588|1|41000099|32813408|33155200|38873430|10681|13115|12484|11641
    cdc_pg_t11	1036100|2225406981331888|1|41100099|32813408|33155200|38873430|10681|13115|12483|11641
    cdc_pg_t12	1036100|2225422646424009|1|41200099|32813408|33155200|38873392|10681|13116|12483|11641
    cdc_pg_t13	1036100|2225418530575716|1|41300099|32813408|33155200|38873392|10681|13116|12483|11642
    cdc_pg_t14	1036100|2225436322458846|1|41400099|32813408|33155200|38873430|10681|13115|12483|11641
    cdc_pg_t15	1036100|2225421943450210|1|41500099|32813408|33155200|38873430|10681|13115|12484|11641
    cdc_pg_t16	1036100|2225458067575231|1|41600099|32813376|33155200|38873430|10682|13115|12484|11641
    cdc_pg_t17	1036100|2225411258509250|1|41700099|32813408|33155200|38873430|10681|13115|12483|11641
    cdc_pg_t18	1036100|2225433474636389|1|41800099|32813408|33155200|38873392|10681|13116|12483|11642
    cdc_pg_t19	1036100|2225438025912823|1|41900099|32813408|33155200|38873392|10681|13116|12483|11641
    cdc_pg_t20	1036100|2225425961380108|1|42000099|32813408|33155200|38873430|10681|13115|12483|11641
    cdc_pg_t21	1036100|2225412413672076|1|42100099|32813408|33155200|38873430|10681|13115|12484|11641
    cdc_pg_t22	1036100|2225418693151022|1|42200099|32813408|33155200|38873430|10681|13115|12483|11641
    cdc_pg_t23	1036100|2225418240387643|1|42300099|32813408|33155200|38873430|10681|13115|12483|11642
    cdc_pg_t24	1036100|2225428861749643|1|42400099|32813408|33155200|38873392|10681|13116|12483|11641
    cdc_pg_t25	1036100|2225428670146220|1|42500099|32813408|33155200|38873430|10681|13115|12483|11641
    cdc_pg_t26	1036100|2225443243860774|1|42600099|32813408|33155200|38873430|10681|13115|12483|11641
    cdc_pg_t27	1036100|2225409258000600|1|42700099|32813408|33155200|38873430|10681|13115|12484|11641
    cdc_pg_t28	1036100|2225408871562399|1|42800099|32813408|33155200|38873430|10681|13115|12483|11641
    cdc_pg_t29	1036100|2225424449143265|1|42900099|32813408|33155200|38873392|10681|13116|12483|11641
    cdc_pg_t30	1036100|2225449308863152|1|43000099|32813408|33155200|38873392|10681|13116|12483|11641

===== 6. the bootstrap: ONE group over 30 tables, ONE slot, empty destination
  LEG apitap tag=bootstrap mode=catchup
    stopped_by completed
    wall_container_s 166.6
    docker_state false 0 (OOMKilled ExitCode)
    cgroup_memory_peak_mb 49.2
    APITAP_VERSION 0.57.0
    APITAP_SO_MD5 41e9f7c252d3e1eb5403b70f87bf5435
    APITAP_TABLES 30
    DRAIN pass=1 rows=31083000 wall_s=165.228 budget=8 tables_reporting=30 fd_now=4 fd_peak=30
      per_table_rows cdc_pg_t01=1036100 cdc_pg_t02=1036100 cdc_pg_t03=1036100 cdc_pg_t04=1036100 cdc_pg_t05=1036100 cdc_pg_t06=1036100 cdc_pg_t07=1036100 cdc_pg_t08=1036100 cdc_pg_t09=1036100 cdc_pg_t10=1036100 cdc_pg_t11=1036100 cdc_pg_t12=1036100 cdc_pg_t13=1036100 cdc_pg_t14=1036100 cdc_pg_t15=1036100 cdc_pg_t16=1036100 cdc_pg_t17=1036100 cdc_pg_t18=1036100 cdc_pg_t19=1036100 cdc_pg_t20=1036100 cdc_pg_t21=1036100 cdc_pg_t22=1036100 cdc_pg_t23=1036100 cdc_pg_t24=1036100 cdc_pg_t25=1036100 cdc_pg_t26=1036100 cdc_pg_t27=1036100 cdc_pg_t28=1036100 cdc_pg_t29=1036100 cdc_pg_t30=1036100
      per_table_nonzero 30 of 30  sum=31083000
    FDCOUNT pass=1 before=4
    FDCOUNT pass=1 after=4
    IMPORT_S 0.598
    ELAPSED 165.228
    FD_PEAK 30
    FD_END 4
    MEMPEAK=51539968
    MEMSTAT=anon 425984 file 1257472 shmem 0 
    MEMEVENTS=high 0 max 0 oom 0 oom_kill 0 
    EXITCODE 0
    watermark: lsn 14478951640 .. 14478951640 distinct=1 tables=30
    slot:      apitap_g25786459cc6 active=false reserved retained=344 bytes
    disk /dev/sda1       339G  301G   38G  89% /

  --- its checksum verdicts ---
  VERIFY cdc_pg_t01 rows=1036100 MATCH 1036100|2225410101817416|1|40100099|32813408|33155200|38873392|10681|13116|12483|11641
  VERIFY cdc_pg_t02 rows=1036100 MATCH 1036100|2225425898910876|1|40200099|32813376|33155200|38873392|10682|13116|12483|11641
  VERIFY cdc_pg_t03 rows=1036100 MATCH 1036100|2225425670855461|1|40300099|32813408|33155200|38873430|10681|13115|12483|11642
  VERIFY cdc_pg_t30 rows=1036100 MATCH 1036100|2225449308863152|1|43000099|32813408|33155200|38873392|10681|13116|12483|11641
  VERIFY_SUMMARY checked=30 of 30 match=30 mismatch=0
  TOTAL_ROWS 31083000

===== 7. WINDOW C — the correctness window: a change stream the drain CONVERGES on
    WRITER_DONE session 0 txns 133 tables 2 changes 266000
    WRITER_DONE session 1 txns 133 tables 2 changes 266000
    WRITER_DONE session 10 txns 133 tables 2 changes 266000
  WRITER label=calm sessions=15 ntxn=133 tick=1.35 band_base=952801 wall_s=182.3 committed_txns=3990 changes=3990000
  LEG apitap tag=calm-drain1 mode=drain
    stopped_by completed
    wall_container_s 582.5
    docker_state false 0 (OOMKilled ExitCode)
    cgroup_memory_peak_mb 62.8
    DRAIN pass=1 rows=3990000 wall_s=581.099 budget=1 tables_reporting=30 fd_now=4 fd_peak=13
    FD_PEAK 13
    FD_END 4
    MEMPEAK=65843200
  LEG apitap tag=calm-drain2 mode=drain
    stopped_by completed
    wall_container_s 5.1
    docker_state false 0 (OOMKilled ExitCode)
    cgroup_memory_peak_mb 53.4
    DRAIN pass=1 rows=0 wall_s=3.579 budget=1 tables_reporting=30 fd_now=4 fd_peak=12
    FD_PEAK 12
    FD_END 4
    MEMPEAK=56041472

  --- WINDOW C's final verification, destination against source ---
  VERIFY cdc_pg_t01 rows=1036100 MATCH 1036100|2225352909360096|1|40100099|32813408|33155200|38873392|10681|13116|12483|11641
  VERIFY cdc_pg_t02 rows=1036100 MATCH 1036100|2225506496635926|1|40200099|32813376|33155200|38873392|10682|13116|12483|11641
  VERIFY cdc_pg_t03 rows=1036100 MATCH 1036100|2225537581395592|1|40300099|32813408|33155200|38873430|10681|13115|12483|11642
  VERIFY cdc_pg_t30 rows=1036100 MATCH 1036100|2225517686498760|1|43000099|32813408|33155200|38873392|10681|13116|12483|11641
  VERIFY_SUMMARY checked=30 of 30 match=30 mismatch=0
  TOTAL_ROWS 31153400

  --- the writer's actual statement stream, one transaction verbatim ---
    SET synchronous_commit = off;
    BEGIN;
    UPDATE cdc_pg_t01 SET regular_int = regular_int + 1 WHERE id BETWEEN 954001 AND 954800;
    INSERT INTO cdc_pg_t01 (id, small_str, medium_str, large_str, tiny_int, regular_int, big_int, float_val, decimal_val, bool_val, date_val, ts_val, ts_tz_val, json_val, extra_text)
           SELECT g,
                  substr(md5(g::text), 1, 8),
                  CASE WHEN g % 97  = 0 THEN NULL ELSE substr(md5((g * 7)::text), 1, 40) END,
                  substr(md5((g * 13)::text), 1, 200),
                  (g % 100)::smallint,
                  g,
                  g::bigint * 1000000,
                  (g % 10000)::double precision / 8,
                  CASE WHEN g % 89  = 0 THEN NULL ELSE ((g % 1000000)::numeric(18,4) / 100) END,
                  (g % 2 = 0),
                  date '2024-01-01' + (g % 900),
                  timestamp '2024-01-01 00:00:00' + (g % 1000000) * interval '1 microsecond',
                  timestamptz '2024-01-01 00:00:00+00' + (g % 1000000) * interval '1 microsecond',
                  CASE WHEN g % 83  = 0 THEN NULL
                       ELSE ('{"k":' || g || ',"s":"' || substr(md5(g::text), 1, 16) || '"}')::json END,
                  CASE WHEN g % 79  = 0 THEN NULL ELSE 'extra-' || substr(md5((g * 3)::text), 1, 60) END
           FROM generate_series(51000000, 51000099) AS g;
    DELETE FROM cdc_pg_t01 WHERE id BETWEEN 51000000 AND 51000099;
    COMMIT;
    \echo LEDGER s0 cdc_pg_t01 1 :l
    \echo WINDOW_PROGRESS session 0 txn 1/1
    \echo WRITER_DONE session 0 txns 1 tables 1 changes 1000

===== 8. WINDOW S — the requested rate
  --- LEG 1, the leg that hit the ceiling: its own receipts, in full ---
  (LEG 1 is the one whose curve ends with the slot lost and whose drain raised)
  == WINDOW S: the requested rate ==
     target 1,000,000 changes per table per minute = 500000 changes/s
     = 1800 transactions per table x 1000 changes x 30 tables = 54000000 changes offered unpaced; mix 800 UPDATE + 100 INSERT + 100 DELETE
     the source is UNBOUNDED; only the drain is capped at --cpus=0.5 --memory=256m --memory-swap=256m
     the drain runs as a sequence of 30s slices, each its own container,
     because apitap's CDC transfer is a bounded read-until-end-of-WAL and not a
     follower: starting one before the writer produces anything returns 0 in 6 s.
    preconditions: apitap slots=1, destination watermark rows=30
    disk free before: 37 GB   slot: apitap_g25786459cc6 active=false reserved retained=9564 kB
  LEG apitap tag=slice1 mode=drain
    stopped_by returned_on_its_own
    wall_container_s 30.9 (slice budget 30s)
    docker_state false 9 (OOMKilled ExitCode)
  LEG apitap tag=slice1 mode=drain
    stopped_by returned_on_its_own
    wall_container_s 30.9 (slice budget 30s)
    docker_state false 9 (OOMKilled ExitCode)
    cgroup_memory_peak_mb 0.0
    changes_applied <the drain raised before reporting>
    raised 1
    cgroup_memory_peak_mb 0.0
    changes_applied <the drain raised before reporting>
    raised 1
    APITAP_VERSION 0.57.0
    APITAP_SO_MD5 41e9f7c252d3e1eb5403b70f87bf5435
    APITAP_TABLES 30
    RAISED RuntimeError: transfer: walsender: server error 55000: can no longer get changes from replication slot "apitap_g25786459cc6"
    MEMPEAK=59392000
    MEMSTAT=anon 421888 file 18132992 shmem 0 
    MEMEVENTS=high 0 max 0 oom 0 oom_kill 0 
    EXITCODE 9
    APITAP_VERSION 0.57.0
    APITAP_SO_MD5 41e9f7c252d3e1eb5403b70f87bf5435
    APITAP_TABLES 30
    RAISED RuntimeError: transfer: walsender: server error 55000: can no longer get changes from replication slot "apitap_g25786459cc6"
    MEMPEAK=59392000
    MEMSTAT=anon 421888 file 18132992 shmem 0 
    MEMEVENTS=high 0 max 0 oom 0 oom_kill 0 
    EXITCODE 9
    after slice 1 (t+1791096860s): applied ?, total 0, watermark lsn 21848148048 .. 21848148048 distinct=1 tables=30, slot (none), disk 34 GB
    after slice 1 (t+1791096860s): applied ?, total 0, watermark lsn 21848148048 .. 21848148048 distinct=1 tables=30, slot (none), disk 34 GB
    POSTGRESQL INVALIDATED THE SLOT at slice 1 — the ceiling, reached from the
    source side rather than from the cage. Stopping here.
  benchmarks/bench-capped-pg-ch-cdc-stress-0.57.sh: line 369: WRITER_T0: unbound variable
  benchmarks/bench-capped-pg-ch-cdc-stress-0.57.sh: line 369: WRITER_T0: unbound variable
    writer finished in  s
    writer finished in  s
    committed transactions (ledger lines): 54000  -> 54000000 changes
    committed transactions (ledger lines): 54000  -> 54000000 changes
    WRITER_DONE session 0 txns 1800 tables 2 changes 3600000
    WRITER_DONE session 1 txns 1800 tables 2 changes 3600000
    WRITER_DONE session 0 txns 1800 tables 2 changes 3600000
    WRITER_DONE session 1 txns 1800 tables 2 changes 3600000
  benchmarks/bench-capped-pg-ch-cdc-stress-0.57.sh: line 372: WRITER_T0: unbound variable
  benchmarks/bench-capped-pg-ch-cdc-stress-0.57.sh: line 372: WRITER_T0: unbound variable
  benchmarks/bench-capped-pg-ch-cdc-stress-0.57.sh: line 372: WRITER_T0: unbound variable
  benchmarks/bench-capped-pg-ch-cdc-stress-0.57.sh: line 372: WRITER_T0: unbound variable
  benchmarks/bench-capped-pg-ch-cdc-stress-0.57.sh: line 372: WRITER_T0: unbound variable
  benchmarks/bench-capped-pg-ch-cdc-stress-0.57.sh: line 372: WRITER_T0: unbound variable
  WRITER label=stress committed_txns=54000 changes=54000000 wall_s= changes_per_s= changes_per_min_per_table=
  WRITER label=stress committed_txns=54000 changes=54000000 wall_s= changes_per_s= changes_per_min_per_table=
  GENERATION_WAL lsn 5/16819428 -> 8/FC8049C0  bytes 16743576984  committed_txns 54000  b_per_change 310.1
  STRESS_TOTAL changes_offered 0 changes_applied 0 slices 1
  == every slice's own log, in full: this is where the ceiling speaks ==
  --- slice 1 ---
    APITAP_VERSION 0.57.0
    APITAP_SO_MD5 41e9f7c252d3e1eb5403b70f87bf5435
    APITAP_TABLES 30
    RAISED RuntimeError: transfer: walsender: server error 55000: can no longer get changes from replication slot "apitap_g25786459cc6"
    MEMPEAK=59392000
    MEMSTAT=anon 421888 file 18132992 shmem 0 
    MEMEVENTS=high 0 max 0 oom 0 oom_kill 0 
    EXITCODE 9
    watermark: lsn 21848148048 .. 21848148048 distinct=1 tables=30
    slot:      (none)
    ch rows:   31155800
    disk /dev/sda1       339G  305G   34G  91% /
    backlog curve: /home/ubuntu/bench-cdc-stress/stress-backlog.csv (41 lines)

  --- LEG 1: the curve that hit the ceiling, verbatim from the sampler ---
  06:52:21,0.8,9793632,reserved,false,21848148048,21848148048,1,31155800,0,0,37,5/16819428
  06:52:21  DRAIN_SLOT_EMPTY container=apitap-bench-cdc-stress-drains  retained_bytes=             (      0.0 MB)            wm=.. distinct= ch_rows= disk_free=GB  lsn=
  06:52:27      7.1s  retained_bytes=   856939576 (    817.2 MB)  reserved  wm=21848148048..21848148048 distinct=1 ch_rows=31155800 disk_free=36GB  lsn=5/50AE6000
  06:52:27  DRAIN_SLOT_EMPTY container=apitap-bench-cdc-stress-drains  retained_bytes=             (      0.0 MB)            wm=.. distinct= ch_rows= disk_free=GB  lsn=
  06:52:33     13.4s  retained_bytes=  1914428472 (   1825.7 MB)  reserved  wm=21848148048..21848148048 distinct=1 ch_rows=31155800 disk_free=35GB  lsn=5/906BA000
  06:52:33  DRAIN_SLOT_EMPTY container=apitap-bench-cdc-stress-drains  retained_bytes=             (      0.0 MB)            wm=.. distinct= ch_rows= disk_free=GB  lsn=
  06:52:40     19.8s  retained_bytes=  3235068984 (   3085.2 MB)  extended  wm=21848148048..21848148048 distinct=1 ch_rows=31155800 disk_free=36GB  lsn=5/DF000000
  06:52:40  DRAIN_SLOT_EMPTY container=apitap-bench-cdc-stress-drains  retained_bytes=             (      0.0 MB)            wm=.. distinct= ch_rows= disk_free=GB  lsn=
  06:52:46     26.3s  retained_bytes=  4447263800 (   4241.2 MB)  extended  wm=21848148048..21848148048 distinct=1 ch_rows=31155800 disk_free=35GB  lsn=6/28000000
  06:52:47  DRAIN_SLOT_EMPTY container=apitap-bench-cdc-stress-drains  retained_bytes=             (      0.0 MB)            wm=.. distinct= ch_rows= disk_free=GB  lsn=
  06:52:53     32.8s  retained_bytes=  5588917304 (   5330.0 MB)  extended  wm=21848148048..21848148048 distinct=1 ch_rows=31155800 disk_free=33GB  lsn=6/6AC34000
  06:52:53  DRAIN_SLOT_EMPTY container=apitap-bench-cdc-stress-drains  retained_bytes=             (      0.0 MB)            wm=.. distinct= ch_rows= disk_free=GB  lsn=
  06:52:59     39.3s  retained_bytes=  6510861368 (   6209.2 MB)  extended  wm=21848148048..21848148048 distinct=1 ch_rows=31155800 disk_free=32GB  lsn=6/A0000000
  06:52:59  DRAIN_SLOT_EMPTY container=apitap-bench-cdc-stress-drains  retained_bytes=             (      0.0 MB)            wm=.. distinct= ch_rows= disk_free=GB  lsn=
  06:53:06     45.9s  retained_bytes=  7483939896 (   7137.2 MB)  extended  wm=21848148048..21848148048 distinct=1 ch_rows=31155800 disk_free=31GB  lsn=6/DCFAE000
  06:53:06  DRAIN_SLOT_EMPTY container=apitap-bench-cdc-stress-drains  retained_bytes=             (      0.0 MB)            wm=.. distinct= ch_rows= disk_free=GB  lsn=
  06:53:12     52.4s  retained_bytes=  8383855672 (   7995.5 MB)  extended  wm=21848148048..21848148048 distinct=1 ch_rows=31155800 disk_free=30GB  lsn=7/EAEC000
  06:53:13  DRAIN_SLOT_EMPTY container=apitap-bench-cdc-stress-drains  retained_bytes=             (      0.0 MB)            wm=.. distinct= ch_rows= disk_free=GB  lsn=
  06:53:19     59.0s  retained_bytes=  9346210872 (   8913.2 MB)  extended  wm=21848148048..21848148048 distinct=1 ch_rows=31155800 disk_free=29GB  lsn=7/4BA1A000
  06:53:19  DRAIN_SLOT_EMPTY container=apitap-bench-cdc-stress-drains  retained_bytes=             (      0.0 MB)            wm=.. distinct= ch_rows= disk_free=GB  lsn=
  06:53:25     65.5s  retained_bytes= 10537393208 (  10049.2 MB)  extended  wm=21848148048..21848148048 distinct=1 ch_rows=31155800 disk_free=27GB  lsn=7/92E10000
  06:53:26  DRAIN_SLOT_EMPTY container=apitap-bench-cdc-stress-drains  retained_bytes=             (      0.0 MB)            wm=.. distinct= ch_rows= disk_free=GB  lsn=
  06:53:31     71.7s  retained_bytes= 11587129240 (  11050.3 MB)  extended  wm=21848148048..21848148048 distinct=1 ch_rows=31155800 disk_free=26GB  lsn=7/D1000000
  06:53:32  DRAIN_SLOT_EMPTY container=apitap-bench-cdc-stress-drains  retained_bytes=             (      0.0 MB)            wm=.. distinct= ch_rows= disk_free=GB  lsn=
  06:53:38     78.3s  retained_bytes= 12480715832 (  11902.5 MB)  extended  wm=21848148048..21848148048 distinct=1 ch_rows=31155800 disk_free=25GB  lsn=8/495C6D8
  06:53:38  DRAIN_SLOT_EMPTY container=apitap-bench-cdc-stress-drains  retained_bytes=             (      0.0 MB)            wm=.. distinct= ch_rows= disk_free=GB  lsn=
  06:53:44     84.7s  retained_bytes=           0 (      0.0 MB)  none      wm=21848148048..21848148048 distinct=1 ch_rows=31155800 disk_free=26GB  lsn=8/41DA0000
  06:53:45  DRAIN_SLOT_EMPTY container=apitap-bench-cdc-stress-drains  retained_bytes=             (      0.0 MB)            wm=.. distinct= ch_rows= disk_free=GB  lsn=
  06:53:51     91.0s  retained_bytes=           0 (      0.0 MB)  none      wm=21848148048..21848148048 distinct=1 ch_rows=31155800 disk_free=34GB  lsn=8/83DF4000
  06:53:51  DRAIN_SLOT_EMPTY container=apitap-bench-cdc-stress-drains  retained_bytes=             (      0.0 MB)            wm=.. distinct= ch_rows= disk_free=GB  lsn=
  06:53:57     97.7s  retained_bytes=           0 (      0.0 MB)  none      wm=21848148048..21848148048 distinct=1 ch_rows=31155800 disk_free=34GB  lsn=8/C5920000
  06:53:58  DRAIN_SLOT_EMPTY container=apitap-bench-cdc-stress-drains  retained_bytes=             (      0.0 MB)            wm=.. distinct= ch_rows= disk_free=GB  lsn=
  06:54:04    103.9s  retained_bytes=           0 (      0.0 MB)  none      wm=21848148048..21848148048 distinct=1 ch_rows=31155800 disk_free=34GB  lsn=8/EA6AA000
  06:54:04  DRAIN_SLOT_EMPTY container=apitap-bench-cdc-stress-drains  retained_bytes=             (      0.0 MB)            wm=.. distinct= ch_rows= disk_free=GB  lsn=
  06:54:10    110.1s  retained_bytes=           0 (      0.0 MB)  none      wm=21848148048..21848148048 distinct=1 ch_rows=31155800 disk_free=34GB  lsn=8/FB3CDE60
  06:54:10  DRAIN_SLOT_EMPTY container=apitap-bench-cdc-stress-drains  retained_bytes=             (      0.0 MB)            wm=.. distinct= ch_rows= disk_free=GB  lsn=
  06:54:16    116.1s  retained_bytes=           0 (      0.0 MB)  none      wm=21848148048..21848148048 distinct=1 ch_rows=31155800 disk_free=34GB  lsn=8/FB9E8E70
  06:54:16  DRAIN_SLOT_EMPTY container=apitap-bench-cdc-stress-drains  retained_bytes=             (      0.0 MB)            wm=.. distinct= ch_rows= disk_free=GB  lsn=
  06:54:22    122.2s  retained_bytes=           0 (      0.0 MB)  none      wm=21848148048..21848148048 distinct=1 ch_rows=31155800 disk_free=34GB  lsn=8/FBDED998
  06:54:22  DRAIN_SLOT_EMPTY container=apitap-bench-cdc-stress-drains  retained_bytes=             (      0.0 MB)            wm=.. distinct= ch_rows= disk_free=GB  lsn=

  --- LEG 3 slice 1's own container log: the drain that committed mid-stream ---
  APITAP_VERSION 0.57.0
  APITAP_SO_MD5 41e9f7c252d3e1eb5403b70f87bf5435
  APITAP_TABLES 30
  2026-10-04T07:17:49Z apitap slot.wal slot=apitap_g25786459cc6 retained_bytes=88913216 warn_at_bytes=4294967296 over_threshold=false
  2026-10-04T07:17:49Z apitap note=slot apitap_g25786459cc6 retains 85 MB of WAL
  2026-10-04T07:18:18Z apitap progress table=cdc_pg_t01 changes=0 bytes=0 changes_per_s=0 bytes_per_s=0 elapsed_s=31.4 rows_live=no tables=0/30
  2026-10-04T07:18:22Z apitap done table=cdc_pg_t01 changes=180000 bytes=0 changes_per_s=5171 bytes_per_s=0 elapsed_s=34.8 tables=0/30
  DRAIN pass=1 rows=180000 wall_s=34.807 budget=1 tables_reporting=30 fd_now=4 fd_peak=13
    per_table_rows cdc_pg_t01=6000 cdc_pg_t02=6000 cdc_pg_t03=6000 cdc_pg_t04=6000 cdc_pg_t05=6000 cdc_pg_t06=6000 cdc_pg_t07=6000 cdc_pg_t08=6000 cdc_pg_t09=6000 cdc_pg_t10=6000 cdc_pg_t11=6000 cdc_pg_t12=6000 cdc_pg_t13=6000 cdc_pg_t14=6000 cdc_pg_t15=6000 cdc_pg_t16=6000 cdc_pg_t17=6000 cdc_pg_t18=6000 cdc_pg_t19=6000 cdc_pg_t20=6000 cdc_pg_t21=6000 cdc_pg_t22=6000 cdc_pg_t23=6000 cdc_pg_t24=6000 cdc_pg_t25=6000 cdc_pg_t26=6000 cdc_pg_t27=6000 cdc_pg_t28=6000 cdc_pg_t29=6000 cdc_pg_t30=6000
    per_table_nonzero 30 of 30  sum=180000
  FDCOUNT pass=1 before=4
  FDCOUNT pass=1 after=4
  IMPORT_S 0.593
  ELAPSED 34.807
  MODE drain
  FD_PEAK 13
  FD_END 4
  MEMPEAK=60760064
  MEMSTAT=anon 417792 file 1183744 shmem 0 
  MEMEVENTS=high 0 max 0 oom 0 oom_kill 0 
  EXITCODE 0

  --- the final converge drain's own container log ---
  APITAP_VERSION 0.57.0
  APITAP_SO_MD5 41e9f7c252d3e1eb5403b70f87bf5435
  APITAP_TABLES 30
  DRAIN pass=1 rows=3420000 wall_s=525.936 budget=1 tables_reporting=30 fd_now=4 fd_peak=13
  IMPORT_S 0.683
  ELAPSED 525.936
  FD_PEAK 13
  FD_END 4
  MEMPEAK=63324160
  MEMSTAT=anon 425984 file 921600 shmem 0 
  MEMEVENTS=high 0 max 0 oom 0 oom_kill 0 
  EXITCODE 0

    writer: 15 sessions x 120 transactions x 2 tables = 3600000 changes offered

  --- THE BACKLOG CURVE (5 s cadence) ---
  epoch,t_rel,slot_retained_bytes,slot_wal_status,slot_active,wm_min,wm_max,wm_distinct,ch_rows_total,mem_current_bytes,mem_peak_bytes,disk_free_gb,pg_wal_lsn
  07:17:40,0.8,9080096,reserved,false,55230352120,55230352120,1,31083000,0,0,34,C/DC86D7E0
  07:17:40,DRAIN_SLOT_EMPTY container=apitap-bench-cdc-stress-drain
  07:17:46,6.8,59446592,reserved,false,55230352120,55230352120,1,31083000,0,0,34,C/DFDC2000
  07:17:46,DRAIN_SLOT_EMPTY container=apitap-bench-cdc-stress-drain
  07:17:52,13.1,102700352,reserved,true,55230352120,55258570008,2,31091000,0,0,34,C/E2AC6B80
  07:17:52,DRAIN_SLOT_EMPTY container=apitap-bench-cdc-stress-drain
  07:17:58,19.4,149724728,reserved,true,55258570008,55270933064,2,31120600,0,0,34,C/E573ACE0
  07:17:59,DRAIN_SLOT_EMPTY container=apitap-bench-cdc-stress-drain
  07:18:05,25.5,195501624,reserved,true,55270933064,55282312928,2,31148600,0,0,34,C/E82B6000
  07:18:05,DRAIN_SLOT_EMPTY container=apitap-bench-cdc-stress-drain
  07:18:11,32.0,240574008,reserved,true,55293767888,55293767888,1,31176600,0,0,34,C/EAEFA000
  07:18:11,DRAIN_SLOT_EMPTY container=apitap-bench-cdc-stress-drain
  07:18:18,38.5,297729592,reserved,true,55305487288,55316905256,2,31147800,0,0,34,C/EDE0F3B8
  07:18:18,DRAIN_SLOT_EMPTY container=apitap-bench-cdc-stress-drain
  07:18:24,44.8,340753976,reserved,false,55319271624,55319271624,1,31107000,0,0,34,C/F06FFA88
  07:18:24,DRAIN_SLOT_EMPTY container=apitap-bench-cdc-stress-drain
  07:18:30,51.1,382893624,reserved,false,55319271624,55319271624,1,31107000,0,0,34,C/F2FC2000
  07:18:30,DRAIN_SLOT_EMPTY container=apitap-bench-cdc-stress-drain
  07:18:36,57.0,425991736,reserved,false,55319271624,55319271624,1,31107000,0,0,34,C/F5658D40
  07:18:36,DRAIN_SLOT_EMPTY container=apitap-bench-cdc-stress-drain
  07:18:42,63.1,465100344,reserved,false,55319271624,55319271624,1,31107000,0,0,34,C/F7D110B0
  07:18:42,DRAIN_SLOT_EMPTY container=apitap-bench-cdc-stress-drain
  07:18:48,69.2,496623920,reserved,false,55319271624,55319271624,1,31107000,0,0,34,C/FA240000
  07:18:49,DRAIN_SLOT_EMPTY container=apitap-bench-cdc-stress-drain
  07:18:54,75.3,535182904,reserved,false,55319271624,55319271624,1,31107000,0,0,34,C/FC632000
  07:18:55,DRAIN_SLOT_EMPTY container=apitap-bench-cdc-stress-drain
  07:19:00,81.3,571554328,reserved,false,55319271624,55319271624,1,31107000,0,0,34,C/FE946000
  07:19:01,DRAIN_SLOT_EMPTY container=apitap-bench-cdc-stress-drain
  07:19:07,87.5,607687784,reserved,false,55319271624,55319271624,1,31107000,0,0,34,D/B8E000
  07:19:07,DRAIN_SLOT_EMPTY container=apitap-bench-cdc-stress-drain
  07:19:13,93.5,642982224,reserved,false,55319271624,55319271624,1,31107000,0,0,34,D/2D04000
  07:19:13,DRAIN_SLOT_EMPTY container=apitap-bench-cdc-stress-drain
  07:19:19,99.5,677625640,reserved,false,55319271624,55319271624,1,31107000,0,0,34,D/4DF4000
  07:19:19,DRAIN_SLOT_EMPTY container=apitap-bench-cdc-stress-drain
  07:19:25,105.6,711641776,reserved,false,55319271624,55319271624,1,31107000,0,0,34,D/6E38000
  07:19:25,DRAIN_SLOT_EMPTY container=apitap-bench-cdc-stress-drain
  07:19:31,111.6,745144384,reserved,false,55319271624,55319271624,1,31107000,0,0,34,D/8E0E000
  07:19:31,DRAIN_SLOT_EMPTY container=apitap-bench-cdc-stress-drain
  07:19:37,117.6,778152744,reserved,false,55319271624,55319271624,1,31107000,0,0,34,D/AC42000
  07:19:37,DRAIN_SLOT_EMPTY container=apitap-bench-cdc-stress-drain
  07:19:43,123.6,811056696,reserved,false,55319271624,55319271624,1,31107000,0,0,34,D/C9C0000
  07:19:43,DRAIN_SLOT_EMPTY container=apitap-bench-cdc-stress-drain
  07:19:49,129.6,843841080,reserved,false,55319271624,55319271624,1,31107000,0,0,34,D/E800000
  07:19:49,DRAIN_SLOT_EMPTY container=apitap-bench-cdc-stress-drain
  07:19:55,135.7,876650040,reserved,false,55319271624,55319271624,1,31107000,0,0,34,D/10744000
  07:19:55,DRAIN_SLOT_EMPTY container=apitap-bench-cdc-stress-drain
  07:20:01,141.8,909448032,reserved,false,55319271624,55319271624,1,31107000,0,0,34,D/1268E000
  07:20:02,DRAIN_SLOT_EMPTY container=apitap-bench-cdc-stress-drain
  07:20:07,148.4,942792248,reserved,false,55319271624,55319271624,1,31107000,0,0,34,D/14A00000
  07:20:08,DRAIN_SLOT_EMPTY container=apitap-bench-cdc-stress-drain
  07:20:13,154.4,975601208,reserved,false,55319271624,55319271624,1,31107000,0,0,34,D/1694E000
  07:20:14,DRAIN_SLOT_EMPTY container=apitap-bench-cdc-stress-drain
  07:20:19,160.4,1008123448,reserved,false,55319271624,55319271624,1,31107000,0,0,34,D/188D6000
  07:20:20,DRAIN_SLOT_EMPTY container=apitap-bench-cdc-stress-drain
  07:20:26,166.5,1041172744,reserved,false,55319271624,55319271624,1,31107000,0,0,34,D/1A85E000
  07:20:26,DRAIN_SLOT_EMPTY container=apitap-bench-cdc-stress-drain
  07:20:32,172.7,1074740792,reserved,false,55319271624,55319271624,1,31107000,0,0,34,D/1C7EA000
  07:20:32,DRAIN_SLOT_EMPTY container=apitap-bench-cdc-stress-drain
  07:20:38,179.0,1108860472,reserved,false,55319271624,55319271624,1,31107000,0,0,34,D/1E7EE000
  07:20:38,DRAIN_SLOT_EMPTY container=apitap-bench-cdc-stress-drain
  07:20:44,185.2,1162853944,reserved,false,55319271624,55319271624,1,31107000,0,0,34,D/217D2C50
  07:20:44,DRAIN_SLOT_EMPTY container=apitap-bench-cdc-stress-drain
  07:20:50,191.2,1166095904,reserved,false,55319271624,55319271624,1,31107000,0,0,34,D/218297E8
  07:20:51,DRAIN_SLOT_EMPTY container=apitap-bench-cdc-stress-drain
  07:20:56,197.4,1166312960,reserved,false,55319271624,55319271624,1,31107000,0,0,34,D/2185E7C8
  07:20:57,DRAIN_SLOT_EMPTY container=apitap-bench-cdc-stress-drain
  07:21:03,203.5,1166312960,reserved,false,55319271624,55319271624,1,31107000,0,0,34,D/2185E7C8
  07:21:03,DRAIN_SLOT_EMPTY container=apitap-bench-cdc-stress-drain
  07:21:09,209.7,1166313016,reserved,false,55319271624,55319271624,1,31107000,0,0,34,D/2185E800
  07:21:09,DRAIN_SLOT_EMPTY container=apitap-bench-cdc-stress-drain
  07:21:15,215.8,1166442040,reserved,false,55319271624,55319271624,1,31107000,0,0,34,D/2187ED80
  07:21:15,DRAIN_SLOT_EMPTY container=apitap-bench-cdc-stress-drain
  07:21:21,221.9,1166445496,reserved,false,55319271624,55319271624,1,31107000,0,0,34,D/2187ED80
  07:21:21,DRAIN_SLOT_EMPTY container=apitap-bench-cdc-stress-drain
  07:21:27,227.9,1166445552,reserved,false,55319271624,55319271624,1,31107000,0,0,34,D/2187EDB8
  07:21:27,DRAIN_SLOT_EMPTY container=apitap-bench-cdc-stress-drain
  07:21:33,233.9,1166445552,reserved,false,55319271624,55319271624,1,31107000,0,0,34,D/2187EDB8
  07:21:33,DRAIN_SLOT_EMPTY container=apitap-bench-cdc-stress-drain
  07:21:39,239.9,1166445552,reserved,false,55319271624,55319271624,1,31107000,0,0,34,D/2187EDB8
  07:21:39,DRAIN_SLOT_EMPTY container=apitap-bench-cdc-stress-drain
  07:21:45,245.9,1166445552,reserved,false,55319271624,55319271624,1,31107000,0,0,34,D/2187EDB8
  07:21:45,DRAIN_SLOT_EMPTY container=apitap-bench-cdc-stress-drain
  07:21:51,251.9,1166445552,reserved,false,55319271624,55319271624,1,31107000,0,0,34,D/2187EDB8
  07:21:51,DRAIN_SLOT_EMPTY container=apitap-bench-cdc-stress-drain
  07:21:57,258.0,1166445552,reserved,false,55319271624,55319271624,1,31107000,0,0,34,D/2187EDB8
  07:21:57,DRAIN_SLOT_EMPTY container=apitap-bench-cdc-stress-drain
  07:22:03,264.1,1166445552,reserved,false,55319271624,55319271624,1,31107000,0,0,34,D/2187EDB8
  07:22:03,DRAIN_SLOT_EMPTY container=apitap-bench-cdc-stress-drain
  07:22:09,270.2,1166445552,reserved,false,55319271624,55319271624,1,31107000,0,0,34,D/2187EDB8
  07:22:10,DRAIN_SLOT_EMPTY container=apitap-bench-cdc-stress-drain
  07:22:15,276.4,1166446016,reserved,false,55319271624,55319271624,1,31107000,0,0,34,D/2187EF88
  07:22:16,DRAIN_SLOT_EMPTY container=apitap-bench-cdc-stress-drain
  07:22:21,282.3,1166446016,reserved,false,55319271624,55319271624,1,31107000,0,0,34,D/2187EF88
  07:22:22,DRAIN_SLOT_EMPTY container=apitap-bench-cdc-stress-drain
  07:22:27,288.3,1166446016,reserved,false,55319271624,55319271624,1,31107000,0,0,34,D/2187EF88
  07:22:28,DRAIN_SLOT_EMPTY container=apitap-bench-cdc-stress-drain
  07:22:33,294.3,1166446016,reserved,false,55319271624,55319271624,1,31107000,0,0,34,D/2187EF88
  07:22:34,DRAIN_SLOT_EMPTY container=apitap-bench-cdc-stress-drain
  07:22:39,300.4,1166446016,reserved,false,55319271624,55319271624,1,31107000,0,0,34,D/2187EF88
  07:22:40,DRAIN_SLOT_EMPTY container=apitap-bench-cdc-stress-drain
  07:22:46,306.4,1166446016,reserved,false,55319271624,55319271624,1,31107000,0,0,34,D/2187EF88
  07:22:46,DRAIN_SLOT_EMPTY container=apitap-bench-cdc-stress-drain
  07:22:52,312.4,1166446016,reserved,false,55319271624,55319271624,1,31107000,0,0,34,D/2187EF88
  07:22:52,DRAIN_SLOT_EMPTY container=apitap-bench-cdc-stress-drain
  07:22:58,318.5,1166446016,reserved,false,55319271624,55319271624,1,31107000,0,0,34,D/2187EF88
  07:22:58,DRAIN_SLOT_EMPTY container=apitap-bench-cdc-stress-drain
  07:23:04,324.6,1166446016,reserved,false,55319271624,55319271624,1,31107000,0,0,34,D/2187EF88
  07:23:04,DRAIN_SLOT_EMPTY container=apitap-bench-cdc-stress-drain
  07:23:10,330.7,1166446016,reserved,false,55319271624,55319271624,1,31107000,0,0,34,D/2187EF88
  07:23:10,DRAIN_SLOT_EMPTY container=apitap-bench-cdc-stress-drain
  07:23:16,336.8,1166446016,reserved,false,55319271624,55319271624,1,31107000,0,0,34,D/2187EF88
  07:23:16,DRAIN_SLOT_EMPTY container=apitap-bench-cdc-stress-drain
  07:23:22,342.8,1166446016,reserved,false,55319271624,55319271624,1,31107000,0,0,34,D/2187EF88
  07:23:22,DRAIN_SLOT_EMPTY container=apitap-bench-cdc-stress-drain
  07:23:28,348.9,1166446016,reserved,false,55319271624,55319271624,1,31107000,0,0,34,D/2187EF88
  07:23:28,DRAIN_SLOT_EMPTY container=apitap-bench-cdc-stress-drain
  07:23:34,354.9,1166446016,reserved,false,55319271624,55319271624,1,31107000,0,0,34,D/2187EF88
  07:23:34,DRAIN_SLOT_EMPTY container=apitap-bench-cdc-stress-drain
  07:23:40,360.9,1166446016,reserved,false,55319271624,55319271624,1,31107000,0,0,34,D/2187EF88
  07:23:40,DRAIN_SLOT_EMPTY container=apitap-bench-cdc-stress-drain
  07:23:46,366.9,1166446016,reserved,false,55319271624,55319271624,1,31107000,0,0,34,D/2187EF88
  07:23:46,DRAIN_SLOT_EMPTY container=apitap-bench-cdc-stress-drain
  07:23:52,372.9,1166446016,reserved,false,55319271624,55319271624,1,31107000,0,0,34,D/2187EF88
  07:23:52,DRAIN_SLOT_EMPTY container=apitap-bench-cdc-stress-drain
  07:23:58,379.1,1166446016,reserved,false,55319271624,55319271624,1,31107000,0,0,34,D/2187EF88
  07:23:58,DRAIN_SLOT_EMPTY container=apitap-bench-cdc-stress-drain
  07:24:04,385.1,1166446016,reserved,false,55319271624,55319271624,1,31107000,0,0,34,D/2187EF88
  07:24:04,DRAIN_SLOT_EMPTY container=apitap-bench-cdc-stress-drain
  07:24:10,391.2,1166446016,reserved,false,55319271624,55319271624,1,31107000,0,0,34,D/2187EF88
  07:24:11,DRAIN_SLOT_EMPTY container=apitap-bench-cdc-stress-drain
  07:24:16,397.2,1166446016,reserved,false,55319271624,55319271624,1,31107000,0,0,34,D/2187EF88
  07:24:16,DRAIN_SLOT_EMPTY container=apitap-bench-cdc-stress-drain
  07:24:22,403.1,1166446016,reserved,false,55319271624,55319271624,1,31107000,0,0,34,D/2187EF88
  07:24:23,DRAIN_SLOT_EMPTY container=apitap-bench-cdc-stress-drain
  07:24:28,409.3,1166446016,reserved,false,55319271624,55319271624,1,31107000,0,0,34,D/2187EF88
  07:24:29,DRAIN_SLOT_EMPTY container=apitap-bench-cdc-stress-drain
  07:24:34,415.3,1166446016,reserved,false,55319271624,55319271624,1,31107000,0,0,34,D/2187EF88
  07:24:35,DRAIN_SLOT_EMPTY container=apitap-bench-cdc-stress-drain
  07:24:40,421.3,1166446016,reserved,false,55319271624,55319271624,1,31107000,0,0,34,D/2187EF88
  07:24:41,DRAIN_SLOT_EMPTY container=apitap-bench-cdc-stress-drain
  07:24:47,427.6,1166446016,reserved,false,55319271624,55319271624,1,31107000,0,0,34,D/2187EF88
  07:24:47,DRAIN_SLOT_EMPTY container=apitap-bench-cdc-stress-drain
  07:24:53,433.6,1166446016,reserved,false,55319271624,55319271624,1,31107000,0,0,34,D/2187EF88
  07:24:53,DRAIN_SLOT_EMPTY container=apitap-bench-cdc-stress-drain
  07:24:59,439.6,1166446016,reserved,false,55319271624,55319271624,1,31107000,0,0,34,D/2187EF88
  07:24:59,DRAIN_SLOT_EMPTY container=apitap-bench-cdc-stress-drain
  07:25:05,445.7,1166446016,reserved,false,55319271624,55319271624,1,31107000,0,0,34,D/2187EF88
  07:25:05,DRAIN_SLOT_EMPTY container=apitap-bench-cdc-stress-drain
  07:25:11,451.8,1166446192,reserved,false,55319271624,55319271624,1,31107000,0,0,34,D/2187F038
  07:25:11,DRAIN_SLOT_EMPTY container=apitap-bench-cdc-stress-drain
  07:25:17,457.9,1166446192,reserved,false,55319271624,55319271624,1,31107000,0,0,34,D/2187F070
  07:25:17,DRAIN_SLOT_EMPTY container=apitap-bench-cdc-stress-drain
  07:25:23,464.0,1166446248,reserved,false,55319271624,55319271624,1,31107000,0,0,34,D/2187F070
  07:25:23,DRAIN_SLOT_EMPTY container=apitap-bench-cdc-stress-drain
  07:25:29,470.1,1166446248,reserved,false,55319271624,55319271624,1,31107000,0,0,34,D/2187F070
  07:25:29,DRAIN_SLOT_EMPTY container=apitap-bench-cdc-stress-drain
  07:25:35,476.1,1166446248,reserved,false,55319271624,55319271624,1,31107000,0,0,34,D/2187F070
  07:25:35,DRAIN_SLOT_EMPTY container=apitap-bench-cdc-stress-drain
  07:25:41,482.0,1166446248,reserved,false,55319271624,55319271624,1,31107000,0,0,34,D/2187F070
  07:25:41,DRAIN_SLOT_EMPTY container=apitap-bench-cdc-stress-drain
  07:25:47,488.1,1166446248,reserved,false,55319271624,55319271624,1,31107000,0,0,34,D/2187F070
  07:25:47,DRAIN_SLOT_EMPTY container=apitap-bench-cdc-stress-drain
  07:25:53,494.1,1166446248,reserved,false,55319271624,55319271624,1,31107000,0,0,34,D/2187F070
  07:25:53,DRAIN_SLOT_EMPTY container=apitap-bench-cdc-stress-drain
  07:25:59,500.1,1166446248,reserved,false,55319271624,55319271624,1,31107000,0,0,34,D/2187F070
  07:25:59,DRAIN_SLOT_EMPTY container=apitap-bench-cdc-stress-drain
  07:26:05,506.2,1166446248,reserved,false,55319271624,55319271624,1,31107000,0,0,34,D/2187F070
  07:26:05,DRAIN_SLOT_EMPTY container=apitap-bench-cdc-stress-drain
  07:26:11,512.2,1166446248,reserved,false,55319271624,55319271624,1,31107000,0,0,34,D/2187F070
  07:26:12,DRAIN_SLOT_EMPTY container=apitap-bench-cdc-stress-drain
  07:26:17,518.2,1166446248,reserved,false,55319271624,55319271624,1,31107000,0,0,34,D/2187F070
  07:26:17,DRAIN_SLOT_EMPTY container=apitap-bench-cdc-stress-drain
  07:26:23,524.2,1166446248,reserved,false,55319271624,55319271624,1,31107000,0,0,34,D/2187F070
  07:26:24,DRAIN_SLOT_EMPTY container=apitap-bench-cdc-stress-drain
  07:26:29,530.2,1166446248,reserved,false,55319271624,55319271624,1,31107000,0,0,34,D/2187F070
  07:26:30,DRAIN_SLOT_EMPTY container=apitap-bench-cdc-stress-drain
  07:26:35,536.4,1166446248,reserved,false,55319271624,55319271624,1,31107000,0,0,34,D/2187F070
  07:26:36,DRAIN_SLOT_EMPTY container=apitap-bench-cdc-stress-drain
  07:26:41,542.4,1166446248,reserved,false,55319271624,55319271624,1,31107000,0,0,34,D/2187F070
  07:26:42,DRAIN_SLOT_EMPTY container=apitap-bench-cdc-stress-drain
  07:26:47,548.4,1166446248,reserved,false,55319271624,55319271624,1,31107000,0,0,34,D/2187F070
  07:26:48,DRAIN_SLOT_EMPTY container=apitap-bench-cdc-stress-drain
  07:26:53,554.3,1166446248,reserved,false,55319271624,55319271624,1,31107000,0,0,34,D/2187F070
  07:26:54,DRAIN_SLOT_EMPTY container=apitap-bench-cdc-stress-drain
  07:26:59,560.3,1166446248,reserved,false,55319271624,55319271624,1,31107000,0,0,34,D/2187F070
  07:27:00,DRAIN_SLOT_EMPTY container=apitap-bench-cdc-stress-drain
  07:27:05,566.4,1166446248,reserved,false,55319271624,55319271624,1,31107000,0,0,34,D/2187F070
  07:27:06,DRAIN_SLOT_EMPTY container=apitap-bench-cdc-stress-drain
  07:27:11,572.4,1166446248,reserved,false,55319271624,55319271624,1,31107000,0,0,34,D/2187F070
  07:27:12,DRAIN_SLOT_EMPTY container=apitap-bench-cdc-stress-drain
  07:27:17,578.4,1166446248,reserved,false,55319271624,55319271624,1,31107000,0,0,34,D/2187F070
  07:27:18,DRAIN_SLOT_EMPTY container=apitap-bench-cdc-stress-drain
  07:27:23,584.4,1166446248,reserved,false,55319271624,55319271624,1,31107000,0,0,34,D/2187F070
  07:27:24,DRAIN_SLOT_EMPTY container=apitap-bench-cdc-stress-drain
  07:27:30,590.6,1166446248,reserved,false,55319271624,55319271624,1,31107000,0,0,34,D/2187F070
  07:27:30,DRAIN_SLOT_EMPTY container=apitap-bench-cdc-stress-drain
  07:27:36,596.9,1166446248,reserved,false,55319271624,55319271624,1,31107000,0,0,34,D/2187F070
  07:27:36,DRAIN_SLOT_EMPTY container=apitap-bench-cdc-stress-drain
  07:27:42,602.9,1166446248,reserved,false,55319271624,55319271624,1,31107000,0,0,34,D/2187F070
  07:27:42,DRAIN_SLOT_EMPTY container=apitap-bench-cdc-stress-drain
  07:27:48,609.3,1166446248,reserved,false,55319271624,55319271624,1,31107000,0,0,34,D/2187F070
  07:27:49,DRAIN_SLOT_EMPTY container=apitap-bench-cdc-stress-drain
  07:27:54,615.4,1166446248,reserved,false,55319271624,55319271624,1,31107000,0,0,34,D/2187F070
  07:27:55,DRAIN_SLOT_EMPTY container=apitap-bench-cdc-stress-drain
  07:28:01,621.4,1166446248,reserved,false,55319271624,55319271624,1,31107000,0,0,34,D/2187F070
  07:28:01,DRAIN_SLOT_EMPTY container=apitap-bench-cdc-stress-drain
  07:28:07,627.6,1166446248,reserved,false,55319271624,55319271624,1,31107000,0,0,34,D/2187F070
  07:28:07,DRAIN_SLOT_EMPTY container=apitap-bench-cdc-stress-drain
  07:28:13,633.7,1166446248,reserved,false,55319271624,55319271624,1,31107000,0,0,34,D/2187F070
  07:28:13,DRAIN_SLOT_EMPTY container=apitap-bench-cdc-stress-drain
  07:28:19,639.6,1166446248,reserved,false,55319271624,55319271624,1,31107000,0,0,34,D/2187F070
  07:28:19,DRAIN_SLOT_EMPTY container=apitap-bench-cdc-stress-drain
  07:28:25,645.7,1166446248,reserved,false,55319271624,55319271624,1,31107000,0,0,34,D/2187F070
  07:28:25,DRAIN_SLOT_EMPTY container=apitap-bench-cdc-stress-drain
  07:28:31,651.7,1166446248,reserved,false,55319271624,55319271624,1,31107000,0,0,34,D/2187F070
  07:28:31,DRAIN_SLOT_EMPTY container=apitap-bench-cdc-stress-drain
  07:28:37,657.8,1166446248,reserved,false,55319271624,55319271624,1,31107000,0,0,34,D/2187F070
  07:28:37,DRAIN_SLOT_EMPTY container=apitap-bench-cdc-stress-drain
  07:28:43,664.1,1166446248,reserved,false,55319271624,55319271624,1,31107000,0,0,34,D/2187F070
  07:28:43,DRAIN_SLOT_EMPTY container=apitap-bench-cdc-stress-drain
  07:28:49,670.2,1166446248,reserved,false,55319271624,55319271624,1,31107000,0,0,34,D/2187F070
  07:28:50,DRAIN_SLOT_EMPTY container=apitap-bench-cdc-stress-drain
  07:28:55,676.4,1166446248,reserved,false,55319271624,55319271624,1,31107000,0,0,34,D/2187F070
  07:28:56,DRAIN_SLOT_EMPTY container=apitap-bench-cdc-stress-drain
  07:29:02,682.7,1166446248,reserved,false,55319271624,55319271624,1,31107000,0,0,34,D/2187F070
  07:29:02,DRAIN_SLOT_EMPTY container=apitap-bench-cdc-stress-drain
  07:29:08,688.7,1166446248,reserved,false,55319271624,55319271624,1,31107000,0,0,34,D/2187F070
  07:29:08,DRAIN_SLOT_EMPTY container=apitap-bench-cdc-stress-drain
  07:29:14,694.9,1166446248,reserved,false,55319271624,55319271624,1,31107000,0,0,34,D/2187F070
  07:29:14,DRAIN_SLOT_EMPTY container=apitap-bench-cdc-stress-drain
  07:29:20,701.1,1166446248,reserved,false,55319271624,55319271624,1,31107000,0,0,34,D/2187F070
  07:29:20,DRAIN_SLOT_EMPTY container=apitap-bench-cdc-stress-drain
  07:29:26,707.3,1166446248,reserved,false,55319271624,55319271624,1,31107000,0,0,34,D/2187F070
  07:29:27,DRAIN_SLOT_EMPTY container=apitap-bench-cdc-stress-drain
  07:29:33,713.5,1166446248,reserved,false,55319271624,55319271624,1,31107000,0,0,34,D/2187F070
  07:29:33,DRAIN_SLOT_EMPTY container=apitap-bench-cdc-stress-drain
  07:29:39,719.5,1166446248,reserved,false,55319271624,55319271624,1,31107000,0,0,34,D/2187F070
  07:29:39,DRAIN_SLOT_EMPTY container=apitap-bench-cdc-stress-drain
  07:29:45,725.6,1166446248,reserved,false,55319271624,55319271624,1,31107000,0,0,34,D/2187F070
  07:29:45,DRAIN_SLOT_EMPTY container=apitap-bench-cdc-stress-drain
  07:29:51,731.5,1166446248,reserved,false,55319271624,55319271624,1,31107000,0,0,34,D/2187F070
  07:29:51,DRAIN_SLOT_EMPTY container=apitap-bench-cdc-stress-drain
  07:29:57,737.7,1166446248,reserved,false,55319271624,55319271624,1,31107000,0,0,34,D/2187F070
  07:29:57,DRAIN_SLOT_EMPTY container=apitap-bench-cdc-stress-drain
  07:30:03,744.3,1166446248,reserved,false,55319271624,55319271624,1,31107000,0,0,34,D/2187F070
  07:30:04,DRAIN_SLOT_EMPTY container=apitap-bench-cdc-stress-drain
  07:30:10,750.7,1166446248,reserved,false,55319271624,55319271624,1,31107000,0,0,34,D/2187F070
  07:30:10,DRAIN_SLOT_EMPTY container=apitap-bench-cdc-stress-drain
  07:30:16,757.0,1166446248,reserved,false,55319271624,55319271624,1,31107000,0,0,34,D/2187F070
  07:30:16,DRAIN_SLOT_EMPTY container=apitap-bench-cdc-stress-drain
  07:30:22,763.2,1166446248,reserved,false,55319271624,55319271624,1,31107000,0,0,34,D/2187F070
  07:30:22,DRAIN_SLOT_EMPTY container=apitap-bench-cdc-stress-drain
  07:30:28,769.3,1166446248,reserved,false,55319271624,55319271624,1,31107000,0,0,34,D/2187F070
  07:30:29,DRAIN_SLOT_EMPTY container=apitap-bench-cdc-stress-drain
  07:30:34,775.4,1166446248,reserved,false,55319271624,55319271624,1,31107000,0,0,34,D/2187F070
  07:30:35,DRAIN_SLOT_EMPTY container=apitap-bench-cdc-stress-drain
  07:30:41,781.6,1166446248,reserved,false,55319271624,55319271624,1,31107000,0,0,34,D/2187F070
  07:30:41,DRAIN_SLOT_EMPTY container=apitap-bench-cdc-stress-drain
  07:30:47,787.6,1166446248,reserved,false,55319271624,55319271624,1,31107000,0,0,34,D/2187F070
  07:30:47,DRAIN_SLOT_EMPTY container=apitap-bench-cdc-stress-drain
  07:30:53,793.8,1166446248,reserved,false,55319271624,55319271624,1,31107000,0,0,34,D/2187F070
  07:30:53,DRAIN_SLOT_EMPTY container=apitap-bench-cdc-stress-drain
  07:30:59,799.9,1166446248,reserved,false,55319271624,55319271624,1,31107000,0,0,34,D/2187F070
  07:30:59,DRAIN_SLOT_EMPTY container=apitap-bench-cdc-stress-drain
  07:31:05,805.9,1166446248,reserved,false,55319271624,55319271624,1,31107000,0,0,34,D/2187F070
  07:31:05,DRAIN_SLOT_EMPTY container=apitap-bench-cdc-stress-drain
  07:31:11,811.9,1166446248,reserved,false,55319271624,55319271624,1,31107000,0,0,34,D/2187F070
  07:31:11,DRAIN_SLOT_EMPTY container=apitap-bench-cdc-stress-drain
  07:31:17,818.0,1166446248,reserved,false,55319271624,55319271624,1,31107000,0,0,34,D/2187F070
  07:31:17,DRAIN_SLOT_EMPTY container=apitap-bench-cdc-stress-drain
  07:31:23,824.0,1166446248,reserved,false,55319271624,55319271624,1,31107000,0,0,34,D/2187F070
  07:31:23,DRAIN_SLOT_EMPTY container=apitap-bench-cdc-stress-drain
  07:31:29,830.0,1166446248,reserved,false,55319271624,55319271624,1,31107000,0,0,34,D/2187F070
  07:31:29,DRAIN_SLOT_EMPTY container=apitap-bench-cdc-stress-drain
  07:31:35,836.0,1166446248,reserved,false,55319271624,55319271624,1,31107000,0,0,34,D/2187F070
  07:31:35,DRAIN_SLOT_EMPTY container=apitap-bench-cdc-stress-drain
  07:31:41,842.0,1166446248,reserved,false,55319271624,55319271624,1,31107000,0,0,34,D/2187F070
  07:31:41,DRAIN_SLOT_EMPTY container=apitap-bench-cdc-stress-drain
  07:31:47,848.2,1166446248,reserved,false,55319271624,55319271624,1,31107000,0,0,34,D/2187F070
  07:31:47,DRAIN_SLOT_EMPTY container=apitap-bench-cdc-stress-drain
  07:31:53,854.2,1166446248,reserved,false,55319271624,55319271624,1,31107000,0,0,34,D/2187F070
  07:31:54,DRAIN_SLOT_EMPTY container=apitap-bench-cdc-stress-drain
  07:31:59,860.3,1166446248,reserved,false,55319271624,55319271624,1,31107000,0,0,34,D/2187F070
  07:32:00,DRAIN_SLOT_EMPTY container=apitap-bench-cdc-stress-drain
  07:32:06,866.5,1166446248,reserved,false,55319271624,55319271624,1,31107000,0,0,34,D/2187F070
  07:32:06,DRAIN_SLOT_EMPTY container=apitap-bench-cdc-stress-drain
  07:32:12,872.5,1166446248,reserved,false,55319271624,55319271624,1,31107000,0,0,34,D/2187F070
  07:32:12,DRAIN_SLOT_EMPTY container=apitap-bench-cdc-stress-drain
  07:32:18,878.6,1166446248,reserved,false,55319271624,55319271624,1,31107000,0,0,34,D/2187F070
  07:32:18,DRAIN_SLOT_EMPTY container=apitap-bench-cdc-stress-drain
  07:32:24,884.6,1166446248,reserved,false,55319271624,55319271624,1,31107000,0,0,34,D/2187F070
  07:32:24,DRAIN_SLOT_EMPTY container=apitap-bench-cdc-stress-drain
  07:32:30,890.7,1166446248,reserved,false,55319271624,55319271624,1,31107000,0,0,34,D/2187F070
  07:32:30,DRAIN_SLOT_EMPTY container=apitap-bench-cdc-stress-drain
  07:32:36,896.8,1166446248,reserved,false,55319271624,55319271624,1,31107000,0,0,34,D/2187F070
  07:32:36,DRAIN_SLOT_EMPTY container=apitap-bench-cdc-stress-drain
  07:32:42,903.0,1166446248,reserved,false,55319271624,55319271624,1,31107000,0,0,34,D/2187F070
  07:32:42,DRAIN_SLOT_EMPTY container=apitap-bench-cdc-stress-drain
  07:32:48,909.2,1166446248,reserved,false,55319271624,55319271624,1,31107000,0,0,34,D/2187F070
  07:32:49,DRAIN_SLOT_EMPTY container=apitap-bench-cdc-stress-drain
  07:32:54,915.2,1166446248,reserved,false,55319271624,55319271624,1,31107000,0,0,34,D/2187F070
  07:32:54,DRAIN_SLOT_EMPTY container=apitap-bench-cdc-stress-drain
  07:33:00,921.4,1166446248,reserved,false,55319271624,55319271624,1,31107000,0,0,34,D/2187F070
  07:33:01,DRAIN_SLOT_EMPTY container=apitap-bench-cdc-stress-drain
  07:33:07,927.7,1166446248,reserved,false,55319271624,55319271624,1,31107000,0,0,34,D/2187F070
  07:33:07,DRAIN_SLOT_EMPTY container=apitap-bench-cdc-stress-drain
  07:33:13,933.7,1166446248,reserved,false,55319271624,55319271624,1,31107000,0,0,34,D/2187F070
  07:33:13,DRAIN_SLOT_EMPTY container=apitap-bench-cdc-stress-drain
  07:33:19,940.0,1166446248,reserved,false,55319271624,55319271624,1,31107000,0,0,34,D/2187F070
  07:33:19,DRAIN_SLOT_EMPTY container=apitap-bench-cdc-stress-drain
  07:33:25,946.1,1166446248,reserved,false,55319271624,55319271624,1,31107000,0,0,34,D/2187F070
  07:33:25,DRAIN_SLOT_EMPTY container=apitap-bench-cdc-stress-drain
  07:33:31,952.1,1166446248,reserved,false,55319271624,55319271624,1,31107000,0,0,34,D/2187F070
  07:33:31,DRAIN_SLOT_EMPTY container=apitap-bench-cdc-stress-drain
  07:33:37,958.2,1166446248,reserved,false,55319271624,55319271624,1,31107000,0,0,34,D/2187F070
  07:33:37,DRAIN_SLOT_EMPTY container=apitap-bench-cdc-stress-drain
  07:33:43,964.2,1166446248,reserved,false,55319271624,55319271624,1,31107000,0,0,34,D/21880330
  07:33:44,DRAIN_SLOT_EMPTY container=apitap-bench-cdc-stress-drain
  07:33:49,970.3,1166810680,reserved,false,55319271624,55319271624,1,31107000,0,0,34,D/218D8000
  07:33:50,DRAIN_SLOT_EMPTY container=apitap-bench-cdc-stress-drain
  07:33:56,976.5,1167031864,reserved,false,55319271624,55319271624,1,31107000,0,0,34,D/2190E000
  07:33:56,DRAIN_SLOT_EMPTY container=apitap-bench-cdc-stress-drain
  07:34:02,983.1,1167228472,reserved,false,55319271624,55319271624,1,31107000,0,0,34,D/21952000
  07:34:03,DRAIN_SLOT_EMPTY container=apitap-bench-cdc-stress-drain
  07:34:09,989.4,1167629880,reserved,false,55319271624,55319271624,1,31107000,0,0,34,D/219A0000
  07:34:09,DRAIN_SLOT_EMPTY container=apitap-bench-cdc-stress-drain
  07:34:15,995.5,1167850080,reserved,false,55319271624,55319271624,1,31107000,0,0,34,D/219F0000
  07:34:15,DRAIN_SLOT_EMPTY container=apitap-bench-cdc-stress-drain
  07:34:21,1001.6,1168137784,reserved,false,55319271624,55319271624,1,31107000,0,0,34,D/21A1C000
  07:34:21,DRAIN_SLOT_EMPTY container=apitap-bench-cdc-stress-drain
  07:34:27,1007.9,1168506424,reserved,false,55319271624,55319271624,1,31107000,0,0,34,D/21A76000
  07:34:27,DRAIN_SLOT_EMPTY container=apitap-bench-cdc-stress-drain
  07:34:33,1013.9,1168703032,reserved,false,55319271624,55319271624,1,31107000,0,0,34,D/21AB1C28
  07:34:33,DRAIN_SLOT_EMPTY container=apitap-bench-cdc-stress-drain
  07:34:39,1020.1,1169055288,reserved,false,55319271624,55319271624,1,31107000,0,0,34,D/21AFC000
  07:34:40,DRAIN_SLOT_EMPTY container=apitap-bench-cdc-stress-drain
  07:34:46,1026.4,1169413176,reserved,false,55319271624,55319271624,1,31107000,0,0,34,D/21B53600
  07:34:46,DRAIN_SLOT_EMPTY container=apitap-bench-cdc-stress-drain
  07:34:52,1032.5,1169710648,reserved,false,55319271624,55319271624,1,31107000,0,0,34,D/21B9F5F0
  07:34:52,DRAIN_SLOT_EMPTY container=apitap-bench-cdc-stress-drain
  07:34:58,1039.2,1170038328,reserved,false,55319271624,55319271624,1,31107000,0,0,34,D/21BEC000
  07:34:59,DRAIN_SLOT_EMPTY container=apitap-bench-cdc-stress-drain
  07:35:05,1045.5,1170325048,reserved,false,55319271624,55319271624,1,31107000,0,0,34,D/21C4C000
  07:35:05,DRAIN_SLOT_EMPTY container=apitap-bench-cdc-stress-drain
  07:35:11,1051.8,1170619960,reserved,false,55319271624,55319271624,1,31107000,0,0,34,D/21C7A000
  07:35:11,DRAIN_SLOT_EMPTY container=apitap-bench-cdc-stress-drain
  07:35:17,1058.1,1170882104,reserved,false,55319271624,55319271624,1,31107000,0,0,34,D/21CD8000
  07:35:18,DRAIN_SLOT_EMPTY container=apitap-bench-cdc-stress-drain
  07:35:24,1064.4,1171201592,reserved,false,55319271624,55319271624,1,31107000,0,0,34,D/21D10000
  07:35:24,DRAIN_SLOT_EMPTY container=apitap-bench-cdc-stress-drain
  07:35:30,1070.5,1171586616,reserved,false,55319271624,55319271624,1,31107000,0,0,34,D/21D66000
  07:35:30,DRAIN_SLOT_EMPTY container=apitap-bench-cdc-stress-drain
  07:35:36,1076.9,1171791416,reserved,false,55319271624,55319271624,1,31107000,0,0,34,D/21DC6000
  07:35:36,DRAIN_SLOT_EMPTY container=apitap-bench-cdc-stress-drain
  07:35:42,1083.0,1172069672,reserved,false,55319271624,55319271624,1,31107000,0,0,34,D/21DDBEF0
  07:35:42,DRAIN_SLOT_EMPTY container=apitap-bench-cdc-stress-drain
  07:35:49,1089.8,1172069672,reserved,false,55319271624,55319271624,1,31107000,0,0,34,D/21DDBEF0
  07:35:49,DRAIN_SLOT_EMPTY container=apitap-bench-cdc-stress-drain
  07:35:56,1096.9,1172069728,reserved,false,55319271624,55319271624,1,31107000,0,0,34,D/21DDBF28
  07:35:56,DRAIN_SLOT_EMPTY container=apitap-bench-cdc-stress-drain
  07:36:02,1103.4,1172069728,reserved,false,55319271624,55319271624,1,31107000,0,0,34,D/21DDBF28
  07:36:03,DRAIN_SLOT_EMPTY container=apitap-bench-cdc-stress-drain
  07:36:09,1109.6,1172069728,reserved,false,55319271624,55319271624,1,31107000,0,0,34,D/21DDBF28
  07:36:09,DRAIN_SLOT_EMPTY container=apitap-bench-cdc-stress-drain
  07:36:15,1115.7,1172069728,reserved,false,55319271624,55319271624,1,31107000,0,0,34,D/21DDBF28
  07:36:15,DRAIN_SLOT_EMPTY container=apitap-bench-cdc-stress-drain
  07:36:21,1121.9,1172069728,reserved,false,55319271624,55319271624,1,31107000,0,0,34,D/21DDBF28
  07:36:21,DRAIN_SLOT_EMPTY container=apitap-bench-cdc-stress-drain
  07:36:27,1127.9,1172069728,reserved,false,55319271624,55319271624,1,31107000,0,0,34,D/21DDBF28
  07:36:27,DRAIN_SLOT_EMPTY container=apitap-bench-cdc-stress-drain
  07:36:33,1133.9,1172069728,reserved,false,55319271624,55319271624,1,31107000,0,0,34,D/21DDBF28
  07:36:33,DRAIN_SLOT_EMPTY container=apitap-bench-cdc-stress-drain
  07:36:39,1139.9,1172069728,reserved,false,55319271624,55319271624,1,31107000,0,0,34,D/21DDBF28
  07:36:39,DRAIN_SLOT_EMPTY container=apitap-bench-cdc-stress-drain
  07:36:45,1146.1,1172069728,reserved,false,55319271624,55319271624,1,31107000,0,0,34,D/21DDBF28
  07:36:45,DRAIN_SLOT_EMPTY container=apitap-bench-cdc-stress-drain
  07:36:51,1152.3,1172069728,reserved,false,55319271624,55319271624,1,31107000,0,0,34,D/21DDBF28
  07:36:52,DRAIN_SLOT_EMPTY container=apitap-bench-cdc-stress-drain
  07:36:57,1158.4,1172069728,reserved,false,55319271624,55319271624,1,31107000,0,0,34,D/21DDBF28
  07:36:58,DRAIN_SLOT_EMPTY container=apitap-bench-cdc-stress-drain
  07:37:04,1164.8,1172069728,reserved,false,55319271624,55319271624,1,31107000,0,0,34,D/21DDBF28
  07:37:04,DRAIN_SLOT_EMPTY container=apitap-bench-cdc-stress-drain
  07:37:10,1171.1,1172069728,reserved,false,55319271624,55319271624,1,31107000,0,0,34,D/21DDBF28
  07:37:11,DRAIN_SLOT_EMPTY container=apitap-bench-cdc-stress-drain
  07:37:16,1177.4,1172069728,reserved,false,55319271624,55319271624,1,31107000,0,0,34,D/21DDBF28
  07:37:17,DRAIN_SLOT_EMPTY container=apitap-bench-cdc-stress-drain
  07:37:23,1183.6,1172069728,reserved,false,55319271624,55319271624,1,31107000,0,0,34,D/21DDBF28
  07:37:23,DRAIN_SLOT_EMPTY container=apitap-bench-cdc-stress-drain
  07:37:29,1189.9,1172069728,reserved,false,55319271624,55319271624,1,31107000,0,0,34,D/21DDBF28
  07:37:29,DRAIN_SLOT_EMPTY container=apitap-bench-cdc-stress-drain
  07:37:35,1196.4,1172069728,reserved,false,55319271624,55319271624,1,31107000,0,0,34,D/21DDBF28
  07:37:36,DRAIN_SLOT_EMPTY container=apitap-bench-cdc-stress-drain
  07:37:42,1202.5,1172069728,reserved,false,55319271624,55319271624,1,31107000,0,0,34,D/21DDBF28
  07:37:42,DRAIN_SLOT_EMPTY container=apitap-bench-cdc-stress-drain
  07:37:48,1208.8,1172069728,reserved,false,55319271624,55319271624,1,31107000,0,0,34,D/21DDBF28
  07:37:48,DRAIN_SLOT_EMPTY container=apitap-bench-cdc-stress-drain
  07:37:54,1215.0,1172069728,reserved,false,55319271624,55319271624,1,31107000,0,0,34,D/21DDBF28
  07:37:54,DRAIN_SLOT_EMPTY container=apitap-bench-cdc-stress-drain
  07:38:01,1221.4,1172069728,reserved,false,55319271624,55319271624,1,31107000,0,0,34,D/21DDBF28
  07:38:01,DRAIN_SLOT_EMPTY container=apitap-bench-cdc-stress-drain
  07:38:07,1227.6,1172069728,reserved,false,55319271624,55319271624,1,31107000,0,0,34,D/21DDBF28
  07:38:07,DRAIN_SLOT_EMPTY container=apitap-bench-cdc-stress-drain
  07:38:13,1233.8,1172069728,reserved,false,55319271624,55319271624,1,31107000,0,0,34,D/21DDBF28
  07:38:13,DRAIN_SLOT_EMPTY container=apitap-bench-cdc-stress-drain
  07:38:19,1240.2,1172069728,reserved,false,55319271624,55319271624,1,31107000,0,0,34,D/21DDBF28
  07:38:20,DRAIN_SLOT_EMPTY container=apitap-bench-cdc-stress-drain
  07:38:26,1246.6,1172069728,reserved,false,55319271624,55319271624,1,31107000,0,0,34,D/21DDBF28
  07:38:26,DRAIN_SLOT_EMPTY container=apitap-bench-cdc-stress-drain
  07:38:32,1252.9,1172069728,reserved,false,55319271624,55319271624,1,31107000,0,0,34,D/21DDBF28
  07:38:32,DRAIN_SLOT_EMPTY container=apitap-bench-cdc-stress-drain
  07:38:38,1259.1,1172069728,reserved,false,55319271624,55319271624,1,31107000,0,0,34,D/21DDBF28
  07:38:38,DRAIN_SLOT_EMPTY container=apitap-bench-cdc-stress-drain
  07:38:46,1266.5,1172069728,reserved,false,55319271624,55319271624,1,31107000,0,0,34,D/21DDBF28
  07:38:46,DRAIN_SLOT_EMPTY container=apitap-bench-cdc-stress-drain
  07:38:53,1273.5,1172069728,reserved,false,55319271624,55319271624,1,31107000,0,0,34,D/21DDBF28
  07:38:53,DRAIN_SLOT_EMPTY container=apitap-bench-cdc-stress-drain
  07:38:59,1279.7,1172069728,reserved,false,55319271624,55319271624,1,31107000,0,0,34,D/21DDBF28
  07:38:59,DRAIN_SLOT_EMPTY container=apitap-bench-cdc-stress-drain
  07:39:05,1286.2,1172069728,reserved,false,55319271624,55319271624,1,31107000,0,0,34,D/21DDBF28
  07:39:06,DRAIN_SLOT_EMPTY container=apitap-bench-cdc-stress-drain
  07:39:12,1292.5,1172069728,reserved,false,55319271624,55319271624,1,31107000,0,0,34,D/21DDBF28
  07:39:12,DRAIN_SLOT_EMPTY container=apitap-bench-cdc-stress-drain
  07:39:18,1299.0,1172069728,reserved,false,55319271624,55319271624,1,31107000,0,0,34,D/21DDBF28
  07:39:18,DRAIN_SLOT_EMPTY container=apitap-bench-cdc-stress-drain
  07:39:24,1305.3,1172069728,reserved,false,55319271624,55319271624,1,31107000,0,0,34,D/21DDBF28
  07:39:25,DRAIN_SLOT_EMPTY container=apitap-bench-cdc-stress-drain
  07:39:31,1311.7,1172069728,reserved,false,55319271624,55319271624,1,31107000,0,0,34,D/21DDBF28
  07:39:31,DRAIN_SLOT_EMPTY container=apitap-bench-cdc-stress-drain
  07:39:37,1317.9,1172069728,reserved,false,55319271624,55319271624,1,31107000,0,0,34,D/21DDBF28
  07:39:37,DRAIN_SLOT_EMPTY container=apitap-bench-cdc-stress-drain
  07:39:43,1324.2,1172069728,reserved,false,55319271624,55319271624,1,31107000,0,0,34,D/21DDBF28
  07:39:43,DRAIN_SLOT_EMPTY container=apitap-bench-cdc-stress-drain
  07:39:49,1330.4,1172069728,reserved,false,55319271624,55319271624,1,31107000,0,0,34,D/21DDBF28
  07:39:50,DRAIN_SLOT_EMPTY container=apitap-bench-cdc-stress-drain
  07:39:56,1336.6,1172069728,reserved,false,55319271624,55319271624,1,31107000,0,0,34,D/21DDBF28
  07:39:56,DRAIN_SLOT_EMPTY container=apitap-bench-cdc-stress-drain
  07:40:02,1343.0,1172069728,reserved,false,55319271624,55319271624,1,31107000,0,0,34,D/21DDBF28
  07:40:02,DRAIN_SLOT_EMPTY container=apitap-bench-cdc-stress-drain
  07:40:09,1349.4,1172069728,reserved,false,55319271624,55319271624,1,31107000,0,0,34,D/21DDBF28
  07:40:09,DRAIN_SLOT_EMPTY container=apitap-bench-cdc-stress-drain
  07:40:15,1355.6,1172069984,reserved,false,55319271624,55319271624,1,31107000,0,0,34,D/21DDC028
  07:40:15,DRAIN_SLOT_EMPTY container=apitap-bench-cdc-stress-drain
  07:40:21,1361.6,1172069984,reserved,false,55319271624,55319271624,1,31107000,0,0,34,D/21DDC028
  07:40:21,DRAIN_SLOT_EMPTY container=apitap-bench-cdc-stress-drain
  07:40:27,1367.7,1172069984,reserved,false,55319271624,55319271624,1,31107000,0,0,34,D/21DDC028
  07:40:27,DRAIN_SLOT_EMPTY container=apitap-bench-cdc-stress-drain
  07:40:33,1373.9,1172069984,reserved,false,55319271624,55319271624,1,31107000,0,0,34,D/21DDC028
  07:40:33,DRAIN_SLOT_EMPTY container=apitap-bench-cdc-stress-drain
  07:40:39,1379.9,1172069984,reserved,false,55319271624,55319271624,1,31107000,0,0,34,D/21DDC028
  07:40:39,DRAIN_SLOT_EMPTY container=apitap-bench-cdc-stress-drain
  07:40:45,1385.9,1172069984,reserved,false,55319271624,55319271624,1,31107000,0,0,34,D/21DDC028
  07:40:45,DRAIN_SLOT_EMPTY container=apitap-bench-cdc-stress-drain
  07:40:51,1392.0,1172069984,reserved,false,55319271624,55319271624,1,31107000,0,0,34,D/21DDC028
  07:40:51,DRAIN_SLOT_EMPTY container=apitap-bench-cdc-stress-drain
  07:40:57,1398.0,1172069984,reserved,false,55319271624,55319271624,1,31107000,0,0,34,D/21DDC028
  07:40:57,DRAIN_SLOT_EMPTY container=apitap-bench-cdc-stress-drain
  07:41:03,1404.1,1172069984,reserved,false,55319271624,55319271624,1,31107000,0,0,34,D/21DDC028
  07:41:03,DRAIN_SLOT_EMPTY container=apitap-bench-cdc-stress-drain
  07:41:09,1410.2,1172069984,reserved,false,55319271624,55319271624,1,31107000,0,0,34,D/21DDC028
  07:41:09,DRAIN_SLOT_EMPTY container=apitap-bench-cdc-stress-drain
  07:41:15,1416.2,1172069984,reserved,false,55319271624,55319271624,1,31107000,0,0,34,D/21DDC028
  07:41:15,DRAIN_SLOT_EMPTY container=apitap-bench-cdc-stress-drain
  07:41:21,1422.2,1172069984,reserved,false,55319271624,55319271624,1,31107000,0,0,34,D/21DDC028
  07:41:21,DRAIN_SLOT_EMPTY container=apitap-bench-cdc-stress-drain
  07:41:27,1428.2,1172069984,reserved,false,55319271624,55319271624,1,31107000,0,0,34,D/21DDC028
  07:41:28,DRAIN_SLOT_EMPTY container=apitap-bench-cdc-stress-drain
  07:41:33,1434.3,1172069984,reserved,false,55319271624,55319271624,1,31107000,0,0,34,D/21DDC028
  07:41:34,DRAIN_SLOT_EMPTY container=apitap-bench-cdc-stress-drain
  07:41:39,1440.3,1172069984,reserved,false,55319271624,55319271624,1,31107000,0,0,34,D/21DDC028
  07:41:40,DRAIN_SLOT_EMPTY container=apitap-bench-cdc-stress-drain
  07:41:45,1446.2,1172069984,reserved,false,55319271624,55319271624,1,31107000,0,0,34,D/21DDC028
  07:41:46,DRAIN_SLOT_EMPTY container=apitap-bench-cdc-stress-drain
  07:41:51,1452.4,1172069984,reserved,false,55319271624,55319271624,1,31107000,0,0,34,D/21DDC028
  07:41:52,DRAIN_SLOT_EMPTY container=apitap-bench-cdc-stress-drain
  07:41:58,1458.5,1172069984,reserved,false,55319271624,55319271624,1,31107000,0,0,34,D/21DDC028
  07:41:58,DRAIN_SLOT_EMPTY container=apitap-bench-cdc-stress-drain
  07:42:04,1464.8,1172069984,reserved,false,55319271624,55319271624,1,31107000,0,0,34,D/21DDC028
  07:42:04,DRAIN_SLOT_EMPTY container=apitap-bench-cdc-stress-drain
  07:42:10,1471.0,1172069984,reserved,false,55319271624,55319271624,1,31107000,0,0,34,D/21DDC028
  07:42:10,DRAIN_SLOT_EMPTY container=apitap-bench-cdc-stress-drain
  07:42:16,1477.2,1172069984,reserved,false,55319271624,55319271624,1,31107000,0,0,34,D/21DDC028
  07:42:16,DRAIN_SLOT_EMPTY container=apitap-bench-cdc-stress-drain
  07:42:22,1483.3,1172069984,reserved,false,55319271624,55319271624,1,31107000,0,0,34,D/21DDC028
  07:42:23,DRAIN_SLOT_EMPTY container=apitap-bench-cdc-stress-drain
  07:42:29,1489.7,1172069984,reserved,false,55319271624,55319271624,1,31107000,0,0,34,D/21DDC028
  07:42:29,DRAIN_SLOT_EMPTY container=apitap-bench-cdc-stress-drain
  07:42:35,1495.7,1172069984,reserved,false,55319271624,55319271624,1,31107000,0,0,34,D/21DDC028
  07:42:35,DRAIN_SLOT_EMPTY container=apitap-bench-cdc-stress-drain
  07:42:41,1501.6,1172069984,reserved,false,55319271624,55319271624,1,31107000,0,0,34,D/21DDC028
  07:42:41,DRAIN_SLOT_EMPTY container=apitap-bench-cdc-stress-drain
  07:42:47,1507.7,1172069984,reserved,false,55319271624,55319271624,1,31107000,0,0,34,D/21DDC028
  07:42:47,DRAIN_SLOT_EMPTY container=apitap-bench-cdc-stress-drain
  07:42:53,1513.8,1172069984,reserved,false,55319271624,55319271624,1,31107000,0,0,34,D/21DDC028
  07:42:53,DRAIN_SLOT_EMPTY container=apitap-bench-cdc-stress-drain
  07:42:59,1519.9,1172069984,reserved,false,55319271624,55319271624,1,31107000,0,0,34,D/21DDC028
  07:42:59,DRAIN_SLOT_EMPTY container=apitap-bench-cdc-stress-drain
  07:43:05,1526.0,1172069984,reserved,false,55319271624,55319271624,1,31107000,0,0,34,D/21DDC028
  07:43:05,DRAIN_SLOT_EMPTY container=apitap-bench-cdc-stress-drain
  07:43:11,1532.2,1172069984,reserved,false,55319271624,55319271624,1,31107000,0,0,34,D/21DDC028
  07:43:12,DRAIN_SLOT_EMPTY container=apitap-bench-cdc-stress-drain
  07:43:17,1538.3,1172069984,reserved,false,55319271624,55319271624,1,31107000,0,0,34,D/21DDC028
  07:43:18,DRAIN_SLOT_EMPTY container=apitap-bench-cdc-stress-drain
  07:43:23,1544.4,1172069984,reserved,false,55319271624,55319271624,1,31107000,0,0,34,D/21DDC028
  07:43:24,DRAIN_SLOT_EMPTY container=apitap-bench-cdc-stress-drain
  07:43:30,1550.7,1172069984,reserved,false,55319271624,55319271624,1,31107000,0,0,34,D/21DDC028
  07:43:30,DRAIN_SLOT_EMPTY container=apitap-bench-cdc-stress-drain
  07:43:36,1556.7,1172069984,reserved,false,55319271624,55319271624,1,31107000,0,0,34,D/21DDC028
  07:43:36,DRAIN_SLOT_EMPTY container=apitap-bench-cdc-stress-drain
  07:43:42,1562.9,1172069984,reserved,false,55319271624,55319271624,1,31107000,0,0,34,D/21DDC028
  07:43:42,DRAIN_SLOT_EMPTY container=apitap-bench-cdc-stress-drain
  07:43:49,1569.7,1172069984,reserved,false,55319271624,55319271624,1,31107000,0,0,34,D/21DDC028
  07:43:50,DRAIN_SLOT_EMPTY container=apitap-bench-cdc-stress-drain
  07:43:55,1576.4,1172069984,reserved,false,55319271624,55319271624,1,31107000,0,0,34,D/21DDC028
  07:43:56,DRAIN_SLOT_EMPTY container=apitap-bench-cdc-stress-drain
  07:44:02,1583.3,1172069984,reserved,false,55319271624,55319271624,1,31107000,0,0,34,D/21DDC028
  07:44:03,DRAIN_SLOT_EMPTY container=apitap-bench-cdc-stress-drain
  07:44:09,1589.6,1172069984,reserved,false,55319271624,55319271624,1,31107000,0,0,34,D/21DDC028
  07:44:09,DRAIN_SLOT_EMPTY container=apitap-bench-cdc-stress-drain
  07:44:15,1595.8,1172069984,reserved,false,55319271624,55319271624,1,31107000,0,0,34,D/21DDC028
  07:44:15,DRAIN_SLOT_EMPTY container=apitap-bench-cdc-stress-drain
  07:44:21,1601.9,1172069984,reserved,false,55319271624,55319271624,1,31107000,0,0,34,D/21DDC028
  07:44:21,DRAIN_SLOT_EMPTY container=apitap-bench-cdc-stress-drain
  07:44:27,1608.0,1172069984,reserved,false,55319271624,55319271624,1,31107000,0,0,34,D/21DDC028
  07:44:27,DRAIN_SLOT_EMPTY container=apitap-bench-cdc-stress-drain
  07:44:33,1614.1,1172069984,reserved,false,55319271624,55319271624,1,31107000,0,0,34,D/21DDC028
  07:44:33,DRAIN_SLOT_EMPTY container=apitap-bench-cdc-stress-drain
  07:44:39,1620.3,1172069984,reserved,false,55319271624,55319271624,1,31107000,0,0,34,D/21DDC028
  07:44:40,DRAIN_SLOT_EMPTY container=apitap-bench-cdc-stress-drain
  07:44:46,1626.6,1172069984,reserved,false,55319271624,55319271624,1,31107000,0,0,34,D/21DDC028
  07:44:46,DRAIN_SLOT_EMPTY container=apitap-bench-cdc-stress-drain
  07:44:52,1632.8,1172069984,reserved,false,55319271624,55319271624,1,31107000,0,0,34,D/21DDC028
  07:44:52,DRAIN_SLOT_EMPTY container=apitap-bench-cdc-stress-drain
  07:44:58,1638.8,1172069984,reserved,false,55319271624,55319271624,1,31107000,0,0,34,D/21DDC028
  07:44:58,DRAIN_SLOT_EMPTY container=apitap-bench-cdc-stress-drain
  07:45:04,1645.1,1172069984,reserved,false,55319271624,55319271624,1,31107000,0,0,34,D/21DDC028
  07:45:04,DRAIN_SLOT_EMPTY container=apitap-bench-cdc-stress-drain
  07:45:11,1651.5,1172069984,reserved,false,55319271624,55319271624,1,31107000,0,0,34,D/21DDC028
  07:45:11,DRAIN_SLOT_EMPTY container=apitap-bench-cdc-stress-drain
  07:45:17,1657.5,1172069984,reserved,false,55319271624,55319271624,1,31107000,0,0,34,D/21DDC028
  07:45:17,DRAIN_SLOT_EMPTY container=apitap-bench-cdc-stress-drain
  07:45:23,1663.7,1172069984,reserved,false,55319271624,55319271624,1,31107000,0,0,34,D/21DDC028
  07:45:23,DRAIN_SLOT_EMPTY container=apitap-bench-cdc-stress-drain
  07:45:29,1670.0,1172069984,reserved,false,55319271624,55319271624,1,31107000,0,0,34,D/21DDC028
  07:45:29,DRAIN_SLOT_EMPTY container=apitap-bench-cdc-stress-drain
  07:45:35,1676.1,1172069984,reserved,false,55319271624,55319271624,1,31107000,0,0,34,D/21DDC028
  07:45:35,DRAIN_SLOT_EMPTY container=apitap-bench-cdc-stress-drain
  07:45:41,1682.1,1172069984,reserved,false,55319271624,55319271624,1,31107000,0,0,34,D/21DDC028
  07:45:41,DRAIN_SLOT_EMPTY container=apitap-bench-cdc-stress-drain
  07:45:47,1688.3,1172069984,reserved,false,55319271624,55319271624,1,31107000,0,0,34,D/21DDC028
  07:45:48,DRAIN_SLOT_EMPTY container=apitap-bench-cdc-stress-drain
  07:45:53,1694.4,1172069984,reserved,false,55319271624,55319271624,1,31107000,0,0,34,D/21DDC028
  07:45:54,DRAIN_SLOT_EMPTY container=apitap-bench-cdc-stress-drain
  07:45:59,1700.4,1172069984,reserved,false,55319271624,55319271624,1,31107000,0,0,34,D/21DDC028
  07:46:00,DRAIN_SLOT_EMPTY container=apitap-bench-cdc-stress-drain
  07:46:06,1706.7,1172069984,reserved,false,55319271624,55319271624,1,31107000,0,0,34,D/21DDC028
  07:46:06,DRAIN_SLOT_EMPTY container=apitap-bench-cdc-stress-drain
  07:46:12,1712.8,1172069984,reserved,false,55319271624,55319271624,1,31107000,0,0,34,D/21DDC028
  07:46:12,DRAIN_SLOT_EMPTY container=apitap-bench-cdc-stress-drain
  07:46:18,1718.9,1172069984,reserved,false,55319271624,55319271624,1,31107000,0,0,34,D/21DDC028
  07:46:18,DRAIN_SLOT_EMPTY container=apitap-bench-cdc-stress-drain
  07:46:24,1725.2,1172069984,reserved,false,55319271624,55319271624,1,31107000,0,0,34,D/21DDC028
  07:46:24,DRAIN_SLOT_EMPTY container=apitap-bench-cdc-stress-drain
  07:46:30,1731.2,1172069984,reserved,false,55319271624,55319271624,1,31107000,0,0,34,D/21DDC028
  07:46:31,DRAIN_SLOT_EMPTY container=apitap-bench-cdc-stress-drain
  07:46:37,1737.6,1172069984,reserved,false,55319271624,55319271624,1,31107000,0,0,34,D/21DDC028
  07:46:37,DRAIN_SLOT_EMPTY container=apitap-bench-cdc-stress-drain
  07:46:43,1743.8,1172069984,reserved,false,55319271624,55319271624,1,31107000,0,0,34,D/21DDC028
  07:46:43,DRAIN_SLOT_EMPTY container=apitap-bench-cdc-stress-drain
  07:46:49,1749.8,1172069984,reserved,false,55319271624,55319271624,1,31107000,0,0,34,D/21DDC028
  07:46:49,DRAIN_SLOT_EMPTY container=apitap-bench-cdc-stress-drain
  07:46:55,1755.9,1172069984,reserved,false,55319271624,55319271624,1,31107000,0,0,34,D/21DDC028
  07:46:55,DRAIN_SLOT_EMPTY container=apitap-bench-cdc-stress-drain
  07:47:01,1762.1,1172069984,reserved,false,55319271624,55319271624,1,31107000,0,0,34,D/21DDC028
  07:47:01,DRAIN_SLOT_EMPTY container=apitap-bench-cdc-stress-drain
  07:47:07,1768.1,1172069984,reserved,false,55319271624,55319271624,1,31107000,0,0,34,D/21DDC028
  07:47:07,DRAIN_SLOT_EMPTY container=apitap-bench-cdc-stress-drain
  07:47:13,1774.1,1172069984,reserved,false,55319271624,55319271624,1,31107000,0,0,34,D/21DDC028
  07:47:13,DRAIN_SLOT_EMPTY container=apitap-bench-cdc-stress-drain
  07:47:19,1780.2,1172069984,reserved,false,55319271624,55319271624,1,31107000,0,0,34,D/21DDC028
  07:47:20,DRAIN_SLOT_EMPTY container=apitap-bench-cdc-stress-drain
  07:47:25,1786.3,1172069984,reserved,false,55319271624,55319271624,1,31107000,0,0,34,D/21DDC028
  07:47:26,DRAIN_SLOT_EMPTY container=apitap-bench-cdc-stress-drain
  07:47:31,1792.2,1172069984,reserved,false,55319271624,55319271624,1,31107000,0,0,34,D/21DDC028
  07:47:31,DRAIN_SLOT_EMPTY container=apitap-bench-cdc-stress-drain
  07:47:37,1798.2,1172069984,reserved,false,55319271624,55319271624,1,31107000,0,0,34,D/21DDC028
  07:47:37,DRAIN_SLOT_EMPTY container=apitap-bench-cdc-stress-drain
  07:47:43,1804.2,1172069984,reserved,false,55319271624,55319271624,1,31107000,0,0,34,D/21DDC028
  07:47:43,DRAIN_SLOT_EMPTY container=apitap-bench-cdc-stress-drain
  07:47:49,1810.1,1172069984,reserved,false,55319271624,55319271624,1,31107000,0,0,34,D/21DDC028
  07:47:49,DRAIN_SLOT_EMPTY container=apitap-bench-cdc-stress-drain
  07:47:55,1816.2,1172069984,reserved,false,55319271624,55319271624,1,31107000,0,0,34,D/21DDC028
  07:47:55,DRAIN_SLOT_EMPTY container=apitap-bench-cdc-stress-drain
  07:48:01,1822.4,1172069984,reserved,false,55319271624,55319271624,1,31107000,0,0,34,D/21DDC028
  07:48:02,DRAIN_SLOT_EMPTY container=apitap-bench-cdc-stress-drain
  07:48:08,1828.7,1172069984,reserved,false,55319271624,55319271624,1,31107000,0,0,34,D/21DDC028
  07:48:08,DRAIN_SLOT_EMPTY container=apitap-bench-cdc-stress-drain
  07:48:14,1834.7,1172069984,reserved,false,55319271624,55319271624,1,31107000,0,0,34,D/21DDC028
  07:48:14,DRAIN_SLOT_EMPTY container=apitap-bench-cdc-stress-drain
  07:48:20,1840.8,1172069984,reserved,false,55319271624,55319271624,1,31107000,0,0,34,D/21DDC028
  07:48:20,DRAIN_SLOT_EMPTY container=apitap-bench-cdc-stress-drain
  07:48:26,1847.0,1172069984,reserved,false,55319271624,55319271624,1,31107000,0,0,34,D/21DDC028
  07:48:26,DRAIN_SLOT_EMPTY container=apitap-bench-cdc-stress-drain
  07:48:32,1853.2,1172069984,reserved,false,55319271624,55319271624,1,31107000,0,0,34,D/21DDC028
  07:48:33,DRAIN_SLOT_EMPTY container=apitap-bench-cdc-stress-drain
  07:48:39,1859.9,1172069984,reserved,false,55319271624,55319271624,1,31107000,0,0,34,D/21DDC028
  07:48:39,DRAIN_SLOT_EMPTY container=apitap-bench-cdc-stress-drain
  07:48:45,1866.0,1172069984,reserved,false,55319271624,55319271624,1,31107000,0,0,34,D/21DDC028
  07:48:45,DRAIN_SLOT_EMPTY container=apitap-bench-cdc-stress-drain
  07:48:51,1872.2,1172069984,reserved,false,55319271624,55319271624,1,31107000,0,0,34,D/21DDC028
  07:48:52,DRAIN_SLOT_EMPTY container=apitap-bench-cdc-stress-drain
  07:48:58,1878.5,1172069984,reserved,false,55319271624,55319271624,1,31107000,0,0,34,D/21DDC028
  07:48:58,DRAIN_SLOT_EMPTY container=apitap-bench-cdc-stress-drain
  07:49:04,1885.0,1172069984,reserved,false,55319271624,55319271624,1,31107000,0,0,34,D/21DDC028
  07:49:05,DRAIN_SLOT_EMPTY container=apitap-bench-cdc-stress-drain
  07:49:11,1891.4,1172069984,reserved,false,55319271624,55319271624,1,31107000,0,0,34,D/21DDC028
  07:49:11,DRAIN_SLOT_EMPTY container=apitap-bench-cdc-stress-drain
  07:49:17,1897.5,1172069984,reserved,false,55319271624,55319271624,1,31107000,0,0,34,D/21DDC028
  07:49:17,DRAIN_SLOT_EMPTY container=apitap-bench-cdc-stress-drain
  07:49:23,1903.6,1172069984,reserved,false,55319271624,55319271624,1,31107000,0,0,34,D/21DDC028
  07:49:23,DRAIN_SLOT_EMPTY container=apitap-bench-cdc-stress-drain
  07:49:29,1909.8,1172069984,reserved,false,55319271624,55319271624,1,31107000,0,0,34,D/21DDC028
  07:49:29,DRAIN_SLOT_EMPTY container=apitap-bench-cdc-stress-drain
  07:49:35,1916.3,1172069984,reserved,false,55319271624,55319271624,1,31107000,0,0,34,D/21DDC028
  07:49:36,DRAIN_SLOT_EMPTY container=apitap-bench-cdc-stress-drain
  07:49:42,1922.4,1172069984,reserved,false,55319271624,55319271624,1,31107000,0,0,34,D/21DDC028
  07:49:42,DRAIN_SLOT_EMPTY container=apitap-bench-cdc-stress-drain
  07:49:48,1928.8,1172069984,reserved,false,55319271624,55319271624,1,31107000,0,0,34,D/21DDC028
  07:49:48,DRAIN_SLOT_EMPTY container=apitap-bench-cdc-stress-drain
  07:49:54,1935.0,1172069984,reserved,false,55319271624,55319271624,1,31107000,0,0,34,D/21DDC028
  07:49:54,DRAIN_SLOT_EMPTY container=apitap-bench-cdc-stress-drain
  07:50:00,1941.2,1172069984,reserved,false,55319271624,55319271624,1,31107000,0,0,34,D/21DDC028
  07:50:01,DRAIN_SLOT_EMPTY container=apitap-bench-cdc-stress-drain
  07:50:06,1947.2,1172069984,reserved,false,55319271624,55319271624,1,31107000,0,0,34,D/21DDC028
  07:50:07,DRAIN_SLOT_EMPTY container=apitap-bench-cdc-stress-drain
  07:50:12,1953.3,1172069984,reserved,false,55319271624,55319271624,1,31107000,0,0,34,D/21DDC028
  07:50:13,DRAIN_SLOT_EMPTY container=apitap-bench-cdc-stress-drain
  07:50:18,1959.4,1172069984,reserved,false,55319271624,55319271624,1,31107000,0,0,34,D/21DDC028
  07:50:19,DRAIN_SLOT_EMPTY container=apitap-bench-cdc-stress-drain
  07:50:26,1966.2,1172069984,reserved,false,55319271624,55319271624,1,31107000,0,0,34,D/21DDC028
  07:50:27,DRAIN_SLOT_EMPTY container=apitap-bench-cdc-stress-drain
  07:50:33,1973.6,1172069984,reserved,false,55319271624,55319271624,1,31107000,0,0,34,D/21DDC028
  07:50:33,DRAIN_SLOT_EMPTY container=apitap-bench-cdc-stress-drain
  07:50:39,1979.7,1172069984,reserved,false,55319271624,55319271624,1,31107000,0,0,34,D/21DDC028
  07:50:39,DRAIN_SLOT_EMPTY container=apitap-bench-cdc-stress-drain
  07:50:45,1985.8,1172069984,reserved,false,55319271624,55319271624,1,31107000,0,0,34,D/21DDC028
  07:50:45,DRAIN_SLOT_EMPTY container=apitap-bench-cdc-stress-drain
  07:50:51,1992.0,1172069984,reserved,false,55319271624,55319271624,1,31107000,0,0,34,D/21DDC028
  07:50:51,DRAIN_SLOT_EMPTY container=apitap-bench-cdc-stress-drain
  07:50:57,1998.0,1172069984,reserved,false,55319271624,55319271624,1,31107000,0,0,34,D/21DDC028
  07:50:57,DRAIN_SLOT_EMPTY container=apitap-bench-cdc-stress-drain
  07:51:03,2004.1,1172069984,reserved,false,55319271624,55319271624,1,31107000,0,0,34,D/21DDC028
  07:51:03,DRAIN_SLOT_EMPTY container=apitap-bench-cdc-stress-drain
  07:51:09,2010.2,1172069984,reserved,false,55319271624,55319271624,1,31107000,0,0,34,D/21DDC028
  07:51:10,DRAIN_SLOT_EMPTY container=apitap-bench-cdc-stress-drain
  07:51:15,2016.4,1172069984,reserved,false,55319271624,55319271624,1,31107000,0,0,34,D/21DDC028
  07:51:16,DRAIN_SLOT_EMPTY container=apitap-bench-cdc-stress-drain
  07:51:22,2022.5,1172069984,reserved,false,55319271624,55319271624,1,31107000,0,0,34,D/21DDC028
  07:51:22,DRAIN_SLOT_EMPTY container=apitap-bench-cdc-stress-drain
  07:51:28,2028.6,1172069984,reserved,false,55319271624,55319271624,1,31107000,0,0,34,D/21DDC028
  07:51:28,DRAIN_SLOT_EMPTY container=apitap-bench-cdc-stress-drain
  07:51:34,2034.6,1172069984,reserved,false,55319271624,55319271624,1,31107000,0,0,34,D/21DDC028
  07:51:34,DRAIN_SLOT_EMPTY container=apitap-bench-cdc-stress-drain
  07:51:40,2040.8,1172069984,reserved,false,55319271624,55319271624,1,31107000,0,0,34,D/21DDC028
  07:51:40,DRAIN_SLOT_EMPTY container=apitap-bench-cdc-stress-drain
  07:51:46,2046.9,1172069984,reserved,false,55319271624,55319271624,1,31107000,0,0,34,D/21DDC028
  07:51:46,DRAIN_SLOT_EMPTY container=apitap-bench-cdc-stress-drain
  07:51:52,2053.2,1172069984,reserved,false,55319271624,55319271624,1,31107000,0,0,34,D/21DDC028
  07:51:52,DRAIN_SLOT_EMPTY container=apitap-bench-cdc-stress-drain
  07:51:58,2059.2,1172069984,reserved,false,55319271624,55319271624,1,31107000,0,0,34,D/21DDC028
  07:51:59,DRAIN_SLOT_EMPTY container=apitap-bench-cdc-stress-drain
  07:52:04,2065.3,1172069984,reserved,false,55319271624,55319271624,1,31107000,0,0,34,D/21DDC028
  07:52:05,DRAIN_SLOT_EMPTY container=apitap-bench-cdc-stress-drain
  07:52:11,2071.5,1172069984,reserved,false,55319271624,55319271624,1,31107000,0,0,34,D/21DDC028
  07:52:11,DRAIN_SLOT_EMPTY container=apitap-bench-cdc-stress-drain
  07:52:17,2077.5,1172069984,reserved,false,55319271624,55319271624,1,31107000,0,0,34,D/21DDC028
  07:52:17,DRAIN_SLOT_EMPTY container=apitap-bench-cdc-stress-drain
  07:52:23,2083.5,1172069984,reserved,false,55319271624,55319271624,1,31107000,0,0,34,D/21DDC028
  07:52:23,DRAIN_SLOT_EMPTY container=apitap-bench-cdc-stress-drain
  07:52:29,2089.7,1172069984,reserved,false,55319271624,55319271624,1,31107000,0,0,34,D/21DDC028
  07:52:29,DRAIN_SLOT_EMPTY container=apitap-bench-cdc-stress-drain
  07:52:35,2095.8,1172069984,reserved,false,55319271624,55319271624,1,31107000,0,0,34,D/21DDC028
  07:52:35,DRAIN_SLOT_EMPTY container=apitap-bench-cdc-stress-drain
  07:52:41,2101.9,1172069984,reserved,false,55319271624,55319271624,1,31107000,0,0,34,D/21DDC028
  07:52:41,DRAIN_SLOT_EMPTY container=apitap-bench-cdc-stress-drain
  07:52:47,2108.1,1172069984,reserved,false,55319271624,55319271624,1,31107000,0,0,34,D/21DDC028
  07:52:47,DRAIN_SLOT_EMPTY container=apitap-bench-cdc-stress-drain
  07:52:53,2114.1,1172069984,reserved,false,55319271624,55319271624,1,31107000,0,0,34,D/21DDC028
  07:52:53,DRAIN_SLOT_EMPTY container=apitap-bench-cdc-stress-drain
  07:52:59,2120.2,1172069984,reserved,false,55319271624,55319271624,1,31107000,0,0,34,D/21DDC028
  07:52:59,DRAIN_SLOT_EMPTY container=apitap-bench-cdc-stress-drain
  07:53:05,2126.2,1172069984,reserved,false,55319271624,55319271624,1,31107000,0,0,34,D/21DDC028
  07:53:06,DRAIN_SLOT_EMPTY container=apitap-bench-cdc-stress-drain
  07:53:11,2132.3,1172069984,reserved,false,55319271624,55319271624,1,31107000,0,0,34,D/21DDC028
  07:53:12,DRAIN_SLOT_EMPTY container=apitap-bench-cdc-stress-drain
  07:53:17,2138.4,1172069984,reserved,false,55319271624,55319271624,1,31107000,0,0,34,D/21DDC028
  07:53:18,DRAIN_SLOT_EMPTY container=apitap-bench-cdc-stress-drain
  07:53:24,2144.7,1172069984,reserved,false,55319271624,55319271624,1,31107000,0,0,34,D/21DDC028
  07:53:24,DRAIN_SLOT_EMPTY container=apitap-bench-cdc-stress-drain
  07:53:30,2150.8,1172069984,reserved,false,55319271624,55319271624,1,31107000,0,0,34,D/21DDC028
  07:53:30,DRAIN_SLOT_EMPTY container=apitap-bench-cdc-stress-drain
  07:53:36,2156.9,1172069984,reserved,false,55319271624,55319271624,1,31107000,0,0,34,D/21DDC028
  07:53:36,DRAIN_SLOT_EMPTY container=apitap-bench-cdc-stress-drain
  07:53:42,2163.3,1172069984,reserved,false,55319271624,55319271624,1,31107000,0,0,34,D/21DDC028
  07:53:43,DRAIN_SLOT_EMPTY container=apitap-bench-cdc-stress-drain
  07:53:48,2169.4,1172069984,reserved,false,55319271624,55319271624,1,31107000,0,0,34,D/21DDC028
  07:53:49,DRAIN_SLOT_EMPTY container=apitap-bench-cdc-stress-drain
  07:53:55,2175.7,1172069984,reserved,false,55319271624,55319271624,1,31107000,0,0,34,D/21DDC028
  07:53:55,DRAIN_SLOT_EMPTY container=apitap-bench-cdc-stress-drain
  07:54:01,2181.8,1172069984,reserved,false,55319271624,55319271624,1,31107000,0,0,34,D/21DDC028
  07:54:01,DRAIN_SLOT_EMPTY container=apitap-bench-cdc-stress-drain
  07:54:07,2188.1,1172069984,reserved,false,55319271624,55319271624,1,31107000,0,0,34,D/21DDC028
  07:54:07,DRAIN_SLOT_EMPTY container=apitap-bench-cdc-stress-drain
  07:54:13,2194.1,1172069984,reserved,false,55319271624,55319271624,1,31107000,0,0,34,D/21DDC028
  07:54:13,DRAIN_SLOT_EMPTY container=apitap-bench-cdc-stress-drain
  07:54:20,2200.5,1172069984,reserved,false,55319271624,55319271624,1,31107000,0,0,34,D/21DDC028
  07:54:20,DRAIN_SLOT_EMPTY container=apitap-bench-cdc-stress-drain
  07:54:26,2206.7,1172069984,reserved,false,55319271624,55319271624,1,31107000,0,0,34,D/21DDC028
  07:54:26,DRAIN_SLOT_EMPTY container=apitap-bench-cdc-stress-drain
  07:54:32,2212.8,1172069984,reserved,false,55319271624,55319271624,1,31107000,0,0,34,D/21DDC028
  07:54:32,DRAIN_SLOT_EMPTY container=apitap-bench-cdc-stress-drain
  07:54:38,2219.0,1172069984,reserved,false,55319271624,55319271624,1,31107000,0,0,34,D/21DDC028
  07:54:38,DRAIN_SLOT_EMPTY container=apitap-bench-cdc-stress-drain
  07:54:44,2225.0,1172069984,reserved,false,55319271624,55319271624,1,31107000,0,0,34,D/21DDC028
  07:54:44,DRAIN_SLOT_EMPTY container=apitap-bench-cdc-stress-drain
  07:54:50,2231.1,1172069984,reserved,false,55319271624,55319271624,1,31107000,0,0,34,D/21DDC028
  07:54:51,DRAIN_SLOT_EMPTY container=apitap-bench-cdc-stress-drain
  07:54:57,2237.4,1172069984,reserved,false,55319271624,55319271624,1,31107000,0,0,34,D/21DDC028
  07:54:57,DRAIN_SLOT_EMPTY container=apitap-bench-cdc-stress-drain
  07:55:03,2243.7,1172069984,reserved,false,55319271624,55319271624,1,31107000,0,0,34,D/21DDC028
  07:55:03,DRAIN_SLOT_EMPTY container=apitap-bench-cdc-stress-drain
  07:55:09,2249.8,1172069984,reserved,false,55319271624,55319271624,1,31107000,0,0,34,D/21DDC028
  07:55:09,DRAIN_SLOT_EMPTY container=apitap-bench-cdc-stress-drain
  07:55:15,2255.8,1172069984,reserved,false,55319271624,55319271624,1,31107000,0,0,34,D/21DDC028
  07:55:15,DRAIN_SLOT_EMPTY container=apitap-bench-cdc-stress-drain
  07:55:21,2261.9,1172069984,reserved,false,55319271624,55319271624,1,31107000,0,0,34,D/21DDC028
  07:55:21,DRAIN_SLOT_EMPTY container=apitap-bench-cdc-stress-drain
  07:55:27,2267.9,1172069984,reserved,false,55319271624,55319271624,1,31107000,0,0,34,D/21DDC028
  07:55:27,DRAIN_SLOT_EMPTY container=apitap-bench-cdc-stress-drain
  07:55:33,2274.1,1172069984,reserved,false,55319271624,55319271624,1,31107000,0,0,34,D/21DDC028
  07:55:33,DRAIN_SLOT_EMPTY container=apitap-bench-cdc-stress-drain
  07:55:39,2280.1,1172069984,reserved,false,55319271624,55319271624,1,31107000,0,0,34,D/21DDC028
  07:55:39,DRAIN_SLOT_EMPTY container=apitap-bench-cdc-stress-drain
  07:55:45,2286.1,1172069984,reserved,false,55319271624,55319271624,1,31107000,0,0,34,D/21DDC028
  07:55:45,DRAIN_SLOT_EMPTY container=apitap-bench-cdc-stress-drain
  07:55:51,2292.2,1172069984,reserved,false,55319271624,55319271624,1,31107000,0,0,34,D/21DDC028
  07:55:52,DRAIN_SLOT_EMPTY container=apitap-bench-cdc-stress-drain
  07:55:58,2298.7,1172069984,reserved,false,55319271624,55319271624,1,31107000,0,0,34,D/21DDC028
  07:55:58,DRAIN_SLOT_EMPTY container=apitap-bench-cdc-stress-drain
  07:56:04,2304.8,1172069984,reserved,false,55319271624,55319271624,1,31107000,0,0,34,D/21DDC028
  07:56:04,DRAIN_SLOT_EMPTY container=apitap-bench-cdc-stress-drain
  07:56:10,2310.9,1172069984,reserved,false,55319271624,55319271624,1,31107000,0,0,34,D/21DDC028
  07:56:10,DRAIN_SLOT_EMPTY container=apitap-bench-cdc-stress-drain
  07:56:17,2318.0,1172069984,reserved,false,55319271624,55319271624,1,31107000,0,0,34,D/21DDC028
  07:56:18,DRAIN_SLOT_EMPTY container=apitap-bench-cdc-stress-drain
  07:56:24,2324.9,1172069984,reserved,false,55319271624,55319271624,1,31107000,0,0,34,D/21DDC028
  07:56:24,DRAIN_SLOT_EMPTY container=apitap-bench-cdc-stress-drain
  07:56:30,2330.9,1172069984,reserved,false,55319271624,55319271624,1,31107000,0,0,34,D/21DDC028
  07:56:30,DRAIN_SLOT_EMPTY container=apitap-bench-cdc-stress-drain
  07:56:36,2337.0,1172069984,reserved,false,55319271624,55319271624,1,31107000,0,0,34,D/21DDC028
  07:56:36,DRAIN_SLOT_EMPTY container=apitap-bench-cdc-stress-drain
  07:56:42,2343.3,1172069984,reserved,false,55319271624,55319271624,1,31107000,0,0,34,D/21DDC028
  07:56:43,DRAIN_SLOT_EMPTY container=apitap-bench-cdc-stress-drain
  07:56:48,2349.3,1172069984,reserved,false,55319271624,55319271624,1,31107000,0,0,34,D/21DDC028
  07:56:49,DRAIN_SLOT_EMPTY container=apitap-bench-cdc-stress-drain
  07:56:54,2355.4,1172069984,reserved,false,55319271624,55319271624,1,31107000,0,0,34,D/21DDC028
  07:56:55,DRAIN_SLOT_EMPTY container=apitap-bench-cdc-stress-drain
  07:57:01,2361.9,1172069984,reserved,false,55319271624,55319271624,1,31107000,0,0,34,D/21DDC028
  07:57:02,DRAIN_SLOT_EMPTY container=apitap-bench-cdc-stress-drain
  07:57:08,2368.6,1172069984,reserved,false,55319271624,55319271624,1,31107000,0,0,34,D/21DDC028
  07:57:08,DRAIN_SLOT_EMPTY container=apitap-bench-cdc-stress-drain
  07:57:14,2374.8,1172069984,reserved,false,55319271624,55319271624,1,31107000,0,0,34,D/21DDC028
  07:57:14,DRAIN_SLOT_EMPTY container=apitap-bench-cdc-stress-drain
  07:57:20,2380.9,1172069984,reserved,false,55319271624,55319271624,1,31107000,0,0,34,D/21DDC028
  07:57:20,DRAIN_SLOT_EMPTY container=apitap-bench-cdc-stress-drain
  07:57:26,2387.1,1172069984,reserved,false,55319271624,55319271624,1,31107000,0,0,34,D/21DDC028
  07:57:26,DRAIN_SLOT_EMPTY container=apitap-bench-cdc-stress-drain
  07:57:32,2393.3,1172069984,reserved,false,55319271624,55319271624,1,31107000,0,0,34,D/21DDC028
  07:57:33,DRAIN_SLOT_EMPTY container=apitap-bench-cdc-stress-drain
  07:57:38,2399.3,1172069984,reserved,false,55319271624,55319271624,1,31107000,0,0,34,D/21DDC028
  07:57:39,DRAIN_SLOT_EMPTY container=apitap-bench-cdc-stress-drain
  07:57:45,2405.5,1172069984,reserved,false,55319271624,55319271624,1,31107000,0,0,34,D/21DDC028
  07:57:45,DRAIN_SLOT_EMPTY container=apitap-bench-cdc-stress-drain
  07:57:51,2411.6,1172069984,reserved,false,55319271624,55319271624,1,31107000,0,0,34,D/21DDC028
  07:57:51,DRAIN_SLOT_EMPTY container=apitap-bench-cdc-stress-drain
  07:57:57,2417.7,1172069984,reserved,false,55319271624,55319271624,1,31107000,0,0,34,D/21DDC028
  07:57:57,DRAIN_SLOT_EMPTY container=apitap-bench-cdc-stress-drain
  07:58:03,2424.1,1172069984,reserved,false,55319271624,55319271624,1,31107000,0,0,34,D/21DDC028
  07:58:03,DRAIN_SLOT_EMPTY container=apitap-bench-cdc-stress-drain
  07:58:09,2430.2,1172069984,reserved,false,55319271624,55319271624,1,31107000,0,0,34,D/21DDC028
  07:58:10,DRAIN_SLOT_EMPTY container=apitap-bench-cdc-stress-drain
  07:58:15,2436.3,1172069984,reserved,false,55319271624,55319271624,1,31107000,0,0,34,D/21DDC028
  07:58:16,DRAIN_SLOT_EMPTY container=apitap-bench-cdc-stress-drain
  07:58:22,2442.6,1172069984,reserved,false,55319271624,55319271624,1,31107000,0,0,34,D/21DDC028
  07:58:22,DRAIN_SLOT_EMPTY container=apitap-bench-cdc-stress-drain
  07:58:28,2448.6,1172069984,reserved,false,55319271624,55319271624,1,31107000,0,0,34,D/21DDC028
  07:58:28,DRAIN_SLOT_EMPTY container=apitap-bench-cdc-stress-drain
  07:58:34,2454.6,1172069984,reserved,false,55319271624,55319271624,1,31107000,0,0,34,D/21DDC028
  07:58:34,DRAIN_SLOT_EMPTY container=apitap-bench-cdc-stress-drain
  07:58:40,2460.7,1172069984,reserved,false,55319271624,55319271624,1,31107000,0,0,34,D/21DDC028
  07:58:40,DRAIN_SLOT_EMPTY container=apitap-bench-cdc-stress-drain
  07:58:46,2467.1,1172069984,reserved,false,55319271624,55319271624,1,31107000,0,0,34,D/21DDC028
  07:58:47,DRAIN_SLOT_EMPTY container=apitap-bench-cdc-stress-drain
  07:58:52,2473.3,1172069984,reserved,false,55319271624,55319271624,1,31107000,0,0,34,D/21DDC028
  07:58:53,DRAIN_SLOT_EMPTY container=apitap-bench-cdc-stress-drain
  07:58:59,2479.5,1172069984,reserved,false,55319271624,55319271624,1,31107000,0,0,34,D/21DDC028
  07:58:59,DRAIN_SLOT_EMPTY container=apitap-bench-cdc-stress-drain
  07:59:05,2485.8,1172069984,reserved,false,55319271624,55319271624,1,31107000,0,0,34,D/21DDC028
  07:59:05,DRAIN_SLOT_EMPTY container=apitap-bench-cdc-stress-drain
  07:59:11,2491.9,1172069984,reserved,false,55319271624,55319271624,1,31107000,0,0,34,D/21DDC028
  07:59:11,DRAIN_SLOT_EMPTY container=apitap-bench-cdc-stress-drain
  07:59:17,2498.0,1172069984,reserved,false,55319271624,55319271624,1,31107000,0,0,34,D/21DDC028
  07:59:17,DRAIN_SLOT_EMPTY container=apitap-bench-cdc-stress-drain
  07:59:23,2504.2,1172069984,reserved,false,55319271624,55319271624,1,31107000,0,0,34,D/21DDC028
  07:59:24,DRAIN_SLOT_EMPTY container=apitap-bench-cdc-stress-drain
  07:59:30,2510.6,1172069984,reserved,false,55319271624,55319271624,1,31107000,0,0,34,D/21DDC028
  07:59:30,DRAIN_SLOT_EMPTY container=apitap-bench-cdc-stress-drain
  07:59:36,2516.6,1172069984,reserved,false,55319271624,55319271624,1,31107000,0,0,34,D/21DDC028
  07:59:36,DRAIN_SLOT_EMPTY container=apitap-bench-cdc-stress-drain
  07:59:42,2522.7,1172069984,reserved,false,55319271624,55319271624,1,31107000,0,0,34,D/21DDC028
  07:59:42,DRAIN_SLOT_EMPTY container=apitap-bench-cdc-stress-drain
  07:59:48,2528.9,1172069984,reserved,false,55319271624,55319271624,1,31107000,0,0,34,D/21DDC028
  07:59:48,DRAIN_SLOT_EMPTY container=apitap-bench-cdc-stress-drain
  07:59:54,2534.9,1172069984,reserved,false,55319271624,55319271624,1,31107000,0,0,34,D/21DDC028
  07:59:54,DRAIN_SLOT_EMPTY container=apitap-bench-cdc-stress-drain
  08:00:00,2541.0,1172069984,reserved,false,55319271624,55319271624,1,31107000,0,0,34,D/21DDC028
  08:00:00,DRAIN_SLOT_EMPTY container=apitap-bench-cdc-stress-drain
  08:00:06,2547.1,1172069984,reserved,false,55319271624,55319271624,1,31107000,0,0,34,D/21DDC028
  08:00:06,DRAIN_SLOT_EMPTY container=apitap-bench-cdc-stress-drain
  08:00:13,2553.4,1172069984,reserved,false,55319271624,55319271624,1,31107000,0,0,34,D/21DDC028
  08:00:13,DRAIN_SLOT_EMPTY container=apitap-bench-cdc-stress-drain
  08:00:19,2559.7,1172069984,reserved,false,55319271624,55319271624,1,31107000,0,0,34,D/21DDC028
  08:00:19,DRAIN_SLOT_EMPTY container=apitap-bench-cdc-stress-drain
  08:00:25,2565.7,1172069984,reserved,false,55319271624,55319271624,1,31107000,0,0,34,D/21DDC028
  08:00:25,DRAIN_SLOT_EMPTY container=apitap-bench-cdc-stress-drain
  08:00:31,2571.9,1172069984,reserved,false,55319271624,55319271624,1,31107000,0,0,34,D/21DDC028
  08:00:31,DRAIN_SLOT_EMPTY container=apitap-bench-cdc-stress-drain
  08:00:37,2578.1,1172069984,reserved,false,55319271624,55319271624,1,31107000,0,0,34,D/21DDC028
  08:00:37,DRAIN_SLOT_EMPTY container=apitap-bench-cdc-stress-drain
  08:00:43,2584.2,1172069984,reserved,false,55319271624,55319271624,1,31107000,0,0,34,D/21DDC028
  08:00:43,DRAIN_SLOT_EMPTY container=apitap-bench-cdc-stress-drain
  08:00:49,2590.3,1172069984,reserved,false,55319271624,55319271624,1,31107000,0,0,34,D/21DDC028
  08:00:50,DRAIN_SLOT_EMPTY container=apitap-bench-cdc-stress-drain
  08:00:56,2596.7,1172069984,reserved,false,55319271624,55319271624,1,31107000,0,0,34,D/21DDC028
  08:00:56,DRAIN_SLOT_EMPTY container=apitap-bench-cdc-stress-drain
  08:01:02,2603.3,1172069984,reserved,false,55319271624,55319271624,1,31107000,0,0,34,D/21DDC028
  08:01:03,DRAIN_SLOT_EMPTY container=apitap-bench-cdc-stress-drain
  08:01:09,2609.8,1172069984,reserved,false,55319271624,55319271624,1,31107000,0,0,34,D/21DDC028
  08:01:09,DRAIN_SLOT_EMPTY container=apitap-bench-cdc-stress-drain
  08:01:15,2616.1,1172069984,reserved,false,55319271624,55319271624,1,31107000,0,0,34,D/21DDC028
  08:01:16,DRAIN_SLOT_EMPTY container=apitap-bench-cdc-stress-drain
  08:01:21,2622.4,1172069984,reserved,false,55319271624,55319271624,1,31107000,0,0,34,D/21DDC028
  08:01:22,DRAIN_SLOT_EMPTY container=apitap-bench-cdc-stress-drain
  08:01:28,2628.7,1172069984,reserved,false,55319271624,55319271624,1,31107000,0,0,34,D/21DDC028
  08:01:28,DRAIN_SLOT_EMPTY container=apitap-bench-cdc-stress-drain
  08:01:34,2634.8,1172069984,reserved,false,55319271624,55319271624,1,31107000,0,0,34,D/21DDC028
  08:01:34,DRAIN_SLOT_EMPTY container=apitap-bench-cdc-stress-drain
  08:01:40,2640.8,1172069984,reserved,false,55319271624,55319271624,1,31107000,0,0,34,D/21DDC028
  08:01:40,DRAIN_SLOT_EMPTY container=apitap-bench-cdc-stress-drain
  08:01:46,2647.1,1172069984,reserved,false,55319271624,55319271624,1,31107000,0,0,34,D/21DDC028
  08:01:46,DRAIN_SLOT_EMPTY container=apitap-bench-cdc-stress-drain
  08:01:52,2653.2,1172069984,reserved,false,55319271624,55319271624,1,31107000,0,0,34,D/21DDC028
  08:01:53,DRAIN_SLOT_EMPTY container=apitap-bench-cdc-stress-drain
  08:01:59,2659.5,1172069984,reserved,false,55319271624,55319271624,1,31107000,0,0,34,D/21DDC028
  08:01:59,DRAIN_SLOT_EMPTY container=apitap-bench-cdc-stress-drain
  08:02:05,2665.6,1172069984,reserved,false,55319271624,55319271624,1,31107000,0,0,34,D/21DDC028
  08:02:05,DRAIN_SLOT_EMPTY container=apitap-bench-cdc-stress-drain
  08:02:11,2671.7,1172069984,reserved,false,55319271624,55319271624,1,31107000,0,0,34,D/21DDC028
  08:02:11,DRAIN_SLOT_EMPTY container=apitap-bench-cdc-stress-drain
  08:02:17,2678.0,1172069984,reserved,false,55319271624,55319271624,1,31107000,0,0,34,D/21DDC028
  08:02:17,DRAIN_SLOT_EMPTY container=apitap-bench-cdc-stress-drain
  08:02:23,2684.0,1172069984,reserved,false,55319271624,55319271624,1,31107000,0,0,34,D/21DDC028
  08:02:23,DRAIN_SLOT_EMPTY container=apitap-bench-cdc-stress-drain
  08:02:29,2690.2,1172069984,reserved,false,55319271624,55319271624,1,31107000,0,0,34,D/21DDC028
  08:02:30,DRAIN_SLOT_EMPTY container=apitap-bench-cdc-stress-drain
  08:02:35,2696.3,1172069984,reserved,false,55319271624,55319271624,1,31107000,0,0,34,D/21DDC028
  08:02:36,DRAIN_SLOT_EMPTY container=apitap-bench-cdc-stress-drain
  08:02:41,2702.4,1172069984,reserved,false,55319271624,55319271624,1,31107000,0,0,34,D/21DDC028
  08:02:42,DRAIN_SLOT_EMPTY container=apitap-bench-cdc-stress-drain
  08:02:47,2708.4,1172069984,reserved,false,55319271624,55319271624,1,31107000,0,0,34,D/21DDC028
  08:02:48,DRAIN_SLOT_EMPTY container=apitap-bench-cdc-stress-drain
  08:02:54,2714.7,1172069984,reserved,false,55319271624,55319271624,1,31107000,0,0,34,D/21DDC028
  08:02:54,DRAIN_SLOT_EMPTY container=apitap-bench-cdc-stress-drain
  08:03:00,2721.2,1172069984,reserved,false,55319271624,55319271624,1,31107000,0,0,34,D/21DDC028
  08:03:01,DRAIN_SLOT_EMPTY container=apitap-bench-cdc-stress-drain
  08:03:07,2727.5,1172069984,reserved,false,55319271624,55319271624,1,31107000,0,0,34,D/21DDC028
  08:03:07,DRAIN_SLOT_EMPTY container=apitap-bench-cdc-stress-drain
  08:03:13,2733.6,1172069984,reserved,false,55319271624,55319271624,1,31107000,0,0,34,D/21DDC028
  08:03:13,DRAIN_SLOT_EMPTY container=apitap-bench-cdc-stress-drain
  08:03:19,2740.0,1172069984,reserved,false,55319271624,55319271624,1,31107000,0,0,34,D/21DDC028
  08:03:19,DRAIN_SLOT_EMPTY container=apitap-bench-cdc-stress-drain
  08:03:25,2746.1,1172069984,reserved,false,55319271624,55319271624,1,31107000,0,0,34,D/21DDC028
  08:03:25,DRAIN_SLOT_EMPTY container=apitap-bench-cdc-stress-drain
  08:03:31,2752.3,1172069984,reserved,false,55319271624,55319271624,1,31107000,0,0,34,D/21DDC028
  08:03:32,DRAIN_SLOT_EMPTY container=apitap-bench-cdc-stress-drain
  08:03:37,2758.3,1172069984,reserved,false,55319271624,55319271624,1,31107000,0,0,34,D/21DDC028
  08:03:38,DRAIN_SLOT_EMPTY container=apitap-bench-cdc-stress-drain
  08:03:43,2764.4,1172069984,reserved,false,55319271624,55319271624,1,31107000,0,0,34,D/21DDC028
  08:03:44,DRAIN_SLOT_EMPTY container=apitap-bench-cdc-stress-drain
  08:03:50,2770.6,1172069984,reserved,false,55319271624,55319271624,1,31107000,0,0,34,D/21DDC028
  08:03:50,DRAIN_SLOT_EMPTY container=apitap-bench-cdc-stress-drain
  08:03:56,2776.5,1172069984,reserved,false,55319271624,55319271624,1,31107000,0,0,34,D/21DDC028
  08:03:56,DRAIN_SLOT_EMPTY container=apitap-bench-cdc-stress-drain
  08:04:02,2783.0,1172069984,reserved,false,55319271624,55319271624,1,31107000,0,0,34,D/21DDC028
  08:04:02,DRAIN_SLOT_EMPTY container=apitap-bench-cdc-stress-drain
  08:04:08,2789.1,1172069984,reserved,false,55319271624,55319271624,1,31107000,0,0,34,D/21DDC028
  08:04:08,DRAIN_SLOT_EMPTY container=apitap-bench-cdc-stress-drain
  08:04:14,2795.1,1172069984,reserved,false,55319271624,55319271624,1,31107000,0,0,34,D/21DDC028
  08:04:14,DRAIN_SLOT_EMPTY container=apitap-bench-cdc-stress-drain
  08:04:20,2801.2,1172069984,reserved,false,55319271624,55319271624,1,31107000,0,0,34,D/21DDC028
  08:04:21,DRAIN_SLOT_EMPTY container=apitap-bench-cdc-stress-drain
  08:04:26,2807.2,1172069984,reserved,false,55319271624,55319271624,1,31107000,0,0,34,D/21DDC028
  08:04:26,DRAIN_SLOT_EMPTY container=apitap-bench-cdc-stress-drain
  08:04:32,2813.1,1172069984,reserved,false,55319271624,55319271624,1,31107000,0,0,34,D/21DDC028
  08:04:32,DRAIN_SLOT_EMPTY container=apitap-bench-cdc-stress-drain
  08:04:38,2819.2,1172069984,reserved,false,55319271624,55319271624,1,31107000,0,0,34,D/21DDC028
  08:04:39,DRAIN_SLOT_EMPTY container=apitap-bench-cdc-stress-drain
  08:04:44,2825.2,1172069984,reserved,false,55319271624,55319271624,1,31107000,0,0,34,D/21DDC028
  08:04:45,DRAIN_SLOT_EMPTY container=apitap-bench-cdc-stress-drain
  08:04:51,2831.5,1172069984,reserved,false,55319271624,55319271624,1,31107000,0,0,34,D/21DDC028
  08:04:51,DRAIN_SLOT_EMPTY container=apitap-bench-cdc-stress-drain
  08:04:57,2837.6,1172069984,reserved,false,55319271624,55319271624,1,31107000,0,0,34,D/21DDC028
  08:04:57,DRAIN_SLOT_EMPTY container=apitap-bench-cdc-stress-drain
  08:05:03,2844.0,1172069984,reserved,false,55319271624,55319271624,1,31107000,0,0,34,D/21DDC028
  08:05:03,DRAIN_SLOT_EMPTY container=apitap-bench-cdc-stress-drain
  08:05:09,2850.2,1172069984,reserved,false,55319271624,55319271624,1,31107000,0,0,34,D/21DDC028
  08:05:10,DRAIN_SLOT_EMPTY container=apitap-bench-cdc-stress-drain
  08:05:16,2856.9,1172069984,reserved,false,55319271624,55319271624,1,31107000,0,0,34,D/21DDC028
  08:05:17,DRAIN_SLOT_EMPTY container=apitap-bench-cdc-stress-drain
  08:05:23,2864.1,1172069984,reserved,false,55319271624,55319271624,1,31107000,0,0,34,D/21DDC028
  08:05:24,DRAIN_SLOT_EMPTY container=apitap-bench-cdc-stress-drain
  08:05:30,2870.7,1172069984,reserved,false,55319271624,55319271624,1,31107000,0,0,34,D/21DDC028
  08:05:30,DRAIN_SLOT_EMPTY container=apitap-bench-cdc-stress-drain
  08:05:36,2876.9,1172069984,reserved,false,55319271624,55319271624,1,31107000,0,0,34,D/21DDC028
  08:05:36,DRAIN_SLOT_EMPTY container=apitap-bench-cdc-stress-drain
  08:05:42,2883.2,1172069984,reserved,false,55319271624,55319271624,1,31107000,0,0,34,D/21DDC028
  08:05:42,DRAIN_SLOT_EMPTY container=apitap-bench-cdc-stress-drain
  08:05:49,2889.6,1172069984,reserved,false,55319271624,55319271624,1,31107000,0,0,34,D/21DDC028
  08:05:49,DRAIN_SLOT_EMPTY container=apitap-bench-cdc-stress-drain
  08:05:55,2895.9,1172069984,reserved,false,55319271624,55319271624,1,31107000,0,0,34,D/21DDC028
  08:05:55,DRAIN_SLOT_EMPTY container=apitap-bench-cdc-stress-drain
  08:06:02,2902.6,1172069984,reserved,false,55319271624,55319271624,1,31107000,0,0,34,D/21DDC028
  08:06:02,DRAIN_SLOT_EMPTY container=apitap-bench-cdc-stress-drain
  08:06:08,2909.2,1172069984,reserved,false,55319271624,55319271624,1,31107000,0,0,34,D/21DDC028
  08:06:09,DRAIN_SLOT_EMPTY container=apitap-bench-cdc-stress-drain
  08:06:15,2915.5,1172069984,reserved,false,55319271624,55319271624,1,31107000,0,0,34,D/21DDC028
  08:06:15,DRAIN_SLOT_EMPTY container=apitap-bench-cdc-stress-drain
  08:06:21,2921.6,1172069984,reserved,false,55319271624,55319271624,1,31107000,0,0,34,D/21DDC028
  08:06:21,DRAIN_SLOT_EMPTY container=apitap-bench-cdc-stress-drain
  08:06:27,2927.9,1172069984,reserved,false,55319271624,55319271624,1,31107000,0,0,34,D/21DDC028
  08:06:27,DRAIN_SLOT_EMPTY container=apitap-bench-cdc-stress-drain
  08:06:33,2934.0,1172069984,reserved,false,55319271624,55319271624,1,31107000,0,0,34,D/21DDC028
  08:06:33,DRAIN_SLOT_EMPTY container=apitap-bench-cdc-stress-drain
  08:06:39,2940.0,1172069984,reserved,false,55319271624,55319271624,1,31107000,0,0,34,D/21DDC028
  08:06:39,DRAIN_SLOT_EMPTY container=apitap-bench-cdc-stress-drain
  08:06:45,2946.2,1172069984,reserved,false,55319271624,55319271624,1,31107000,0,0,34,D/21DDC028
  08:06:46,DRAIN_SLOT_EMPTY container=apitap-bench-cdc-stress-drain
  08:06:51,2952.4,1172069984,reserved,false,55319271624,55319271624,1,31107000,0,0,34,D/21DDC028
  08:06:52,DRAIN_SLOT_EMPTY container=apitap-bench-cdc-stress-drain
  08:06:58,2958.5,1172069984,reserved,false,55319271624,55319271624,1,31107000,0,0,34,D/21DDC028
  08:06:58,DRAIN_SLOT_EMPTY container=apitap-bench-cdc-stress-drain
  08:07:04,2964.6,1172069984,reserved,false,55319271624,55319271624,1,31107000,0,0,34,D/21DDC028
  08:07:04,DRAIN_SLOT_EMPTY container=apitap-bench-cdc-stress-drain
  08:07:10,2970.6,1172069984,reserved,false,55319271624,55319271624,1,31107000,0,0,34,D/21DDC028
  08:07:10,DRAIN_SLOT_EMPTY container=apitap-bench-cdc-stress-drain
  08:07:16,2976.7,1172069984,reserved,false,55319271624,55319271624,1,31107000,0,0,34,D/21DDC028
  08:07:16,DRAIN_SLOT_EMPTY container=apitap-bench-cdc-stress-drain
  08:07:22,2982.7,1172069984,reserved,false,55319271624,55319271624,1,31107000,0,0,34,D/21DDC028
  08:07:22,DRAIN_SLOT_EMPTY container=apitap-bench-cdc-stress-drain
  08:07:28,2988.7,1172069984,reserved,false,55319271624,55319271624,1,31107000,0,0,34,D/21DDC028
  08:07:28,DRAIN_SLOT_EMPTY container=apitap-bench-cdc-stress-drain
  08:07:34,2994.7,1172069984,reserved,false,55319271624,55319271624,1,31107000,0,0,34,D/21DDC028
  08:07:34,DRAIN_SLOT_EMPTY container=apitap-bench-cdc-stress-drain
  08:07:40,3000.7,1172069984,reserved,false,55319271624,55319271624,1,31107000,0,0,34,D/21DDC028
  08:07:40,DRAIN_SLOT_EMPTY container=apitap-bench-cdc-stress-drain
  08:07:46,3006.7,1172069984,reserved,false,55319271624,55319271624,1,31107000,0,0,34,D/21DDC028
  08:07:46,DRAIN_SLOT_EMPTY container=apitap-bench-cdc-stress-drain
  08:07:52,3012.7,1172069984,reserved,false,55319271624,55319271624,1,31107000,0,0,34,D/21DDC028
  08:07:52,DRAIN_SLOT_EMPTY container=apitap-bench-cdc-stress-drain
  08:07:58,3018.7,1172069984,reserved,false,55319271624,55319271624,1,31107000,0,0,34,D/21DDC028
  08:07:58,DRAIN_SLOT_EMPTY container=apitap-bench-cdc-stress-drain
  08:08:04,3024.9,1172069984,reserved,false,55319271624,55319271624,1,31107000,0,0,34,D/21DDC028
  08:08:04,DRAIN_SLOT_EMPTY container=apitap-bench-cdc-stress-drain
  08:08:10,3030.9,1172069984,reserved,false,55319271624,55319271624,1,31107000,0,0,34,D/21DDC028
  08:08:10,DRAIN_SLOT_EMPTY container=apitap-bench-cdc-stress-drain
  08:08:16,3037.0,1172069984,reserved,false,55319271624,55319271624,1,31107000,0,0,34,D/21DDC028
  08:08:16,DRAIN_SLOT_EMPTY container=apitap-bench-cdc-stress-drain
  08:08:22,3043.1,1172069984,reserved,false,55319271624,55319271624,1,31107000,0,0,34,D/21DDC028
  08:08:22,DRAIN_SLOT_EMPTY container=apitap-bench-cdc-stress-drain
  08:08:28,3049.2,1172069984,reserved,false,55319271624,55319271624,1,31107000,0,0,34,D/21DDC028
  08:08:29,DRAIN_SLOT_EMPTY container=apitap-bench-cdc-stress-drain
  08:08:34,3055.3,1172069984,reserved,false,55319271624,55319271624,1,31107000,0,0,34,D/21DDC028
  08:08:35,DRAIN_SLOT_EMPTY container=apitap-bench-cdc-stress-drain
  08:08:41,3061.5,1172069984,reserved,false,55319271624,55319271624,1,31107000,0,0,34,D/21DDC028
  08:08:41,DRAIN_SLOT_EMPTY container=apitap-bench-cdc-stress-drain
  08:08:47,3067.5,1172069984,reserved,false,55319271624,55319271624,1,31107000,0,0,34,D/21DDC028
  08:08:47,DRAIN_SLOT_EMPTY container=apitap-bench-cdc-stress-drain
  08:08:53,3073.5,1172069984,reserved,false,55319271624,55319271624,1,31107000,0,0,34,D/21DDC028
  08:08:53,DRAIN_SLOT_EMPTY container=apitap-bench-cdc-stress-drain
  08:08:59,3079.6,1172069984,reserved,false,55319271624,55319271624,1,31107000,0,0,34,D/21DDC028
  08:08:59,DRAIN_SLOT_EMPTY container=apitap-bench-cdc-stress-drain
  08:09:05,3086.2,1172069984,reserved,false,55319271624,55319271624,1,31107000,0,0,34,D/21DDC028
  08:09:05,DRAIN_SLOT_EMPTY container=apitap-bench-cdc-stress-drain
  08:09:11,3092.3,1172069984,reserved,false,55319271624,55319271624,1,31107000,0,0,34,D/21DDC028
  08:09:12,DRAIN_SLOT_EMPTY container=apitap-bench-cdc-stress-drain
  08:09:17,3098.3,1172069984,reserved,false,55319271624,55319271624,1,31107000,0,0,34,D/21DDC028
  08:09:18,DRAIN_SLOT_EMPTY container=apitap-bench-cdc-stress-drain
  08:09:24,3104.5,1172069984,reserved,false,55319271624,55319271624,1,31107000,0,0,34,D/21DDC028
  08:09:24,DRAIN_SLOT_EMPTY container=apitap-bench-cdc-stress-drain
  08:09:30,3110.9,1172069984,reserved,false,55319271624,55319271624,1,31107000,0,0,34,D/21DDC028
  08:09:30,DRAIN_SLOT_EMPTY container=apitap-bench-cdc-stress-drain
  08:09:36,3117.1,1172069984,reserved,false,55319271624,55319271624,1,31107000,0,0,34,D/21DDC028
  08:09:37,DRAIN_SLOT_EMPTY container=apitap-bench-cdc-stress-drain
  08:09:43,3123.5,1172069984,reserved,false,55319271624,55319271624,1,31107000,0,0,34,D/21DDC028
  08:09:43,DRAIN_SLOT_EMPTY container=apitap-bench-cdc-stress-drain
  08:09:49,3129.6,1172069984,reserved,false,55319271624,55319271624,1,31107000,0,0,34,D/21DDC028
  08:09:49,DRAIN_SLOT_EMPTY container=apitap-bench-cdc-stress-drain
  08:09:55,3135.6,1172069984,reserved,false,55319271624,55319271624,1,31107000,0,0,34,D/21DDC028
  08:09:55,DRAIN_SLOT_EMPTY container=apitap-bench-cdc-stress-drain
  08:10:03,3143.6,1172069984,reserved,false,55319271624,55319271624,1,31107000,0,0,34,D/21DDC028
  08:10:04,DRAIN_SLOT_EMPTY container=apitap-bench-cdc-stress-drain
  08:10:10,3150.6,1172069984,reserved,false,55319271624,55319271624,1,31107000,0,0,34,D/21DDC028
  08:10:10,DRAIN_SLOT_EMPTY container=apitap-bench-cdc-stress-drain
  08:10:16,3156.7,1172069984,reserved,false,55319271624,55319271624,1,31107000,0,0,34,D/21DDC028
  08:10:16,DRAIN_SLOT_EMPTY container=apitap-bench-cdc-stress-drain
  08:10:22,3162.8,1172069984,reserved,false,55319271624,55319271624,1,31107000,0,0,34,D/21DDC028
  08:10:22,DRAIN_SLOT_EMPTY container=apitap-bench-cdc-stress-drain
  08:10:28,3168.9,1172069984,reserved,false,55319271624,55319271624,1,31107000,0,0,34,D/21DDC028
  08:10:28,DRAIN_SLOT_EMPTY container=apitap-bench-cdc-stress-drain
  08:10:34,3175.0,1172069984,reserved,false,55319271624,55319271624,1,31107000,0,0,34,D/21DDC028
  08:10:34,DRAIN_SLOT_EMPTY container=apitap-bench-cdc-stress-drain
  08:10:40,3181.1,1172069984,reserved,false,55319271624,55319271624,1,31107000,0,0,34,D/21DDC028
  08:10:41,DRAIN_SLOT_EMPTY container=apitap-bench-cdc-stress-drain
  08:10:46,3187.2,1172069984,reserved,false,55319271624,55319271624,1,31107000,0,0,34,D/21DDC028
  08:10:47,DRAIN_SLOT_EMPTY container=apitap-bench-cdc-stress-drain
  08:10:52,3193.3,1172069984,reserved,false,55319271624,55319271624,1,31107000,0,0,34,D/21DDC028
  08:10:53,DRAIN_SLOT_EMPTY container=apitap-bench-cdc-stress-drain
  08:10:59,3199.5,1172069984,reserved,false,55319271624,55319271624,1,31107000,0,0,34,D/21DDC028
  08:10:59,DRAIN_SLOT_EMPTY container=apitap-bench-cdc-stress-drain
  08:11:05,3205.8,1172069984,reserved,false,55319271624,55319271624,1,31107000,0,0,34,D/21DDC028
  08:11:05,DRAIN_SLOT_EMPTY container=apitap-bench-cdc-stress-drain
  08:11:11,3211.9,1172069984,reserved,false,55319271624,55319271624,1,31107000,0,0,34,D/21DDC028
  08:11:11,DRAIN_SLOT_EMPTY container=apitap-bench-cdc-stress-drain
  08:11:17,3218.1,1172069984,reserved,false,55319271624,55319271624,1,31107000,0,0,34,D/21DDC028
  08:11:17,DRAIN_SLOT_EMPTY container=apitap-bench-cdc-stress-drain
  08:11:23,3224.1,1172069984,reserved,false,55319271624,55319271624,1,31107000,0,0,34,D/21DDC028
  08:11:23,DRAIN_SLOT_EMPTY container=apitap-bench-cdc-stress-drain
  08:11:29,3230.3,1172069984,reserved,false,55319271624,55319271624,1,31107000,0,0,34,D/21DDC028
  08:11:30,DRAIN_SLOT_EMPTY container=apitap-bench-cdc-stress-drain
  08:11:35,3236.4,1172069984,reserved,false,55319271624,55319271624,1,31107000,0,0,34,D/21DDC028
  08:11:36,DRAIN_SLOT_EMPTY container=apitap-bench-cdc-stress-drain
  08:11:42,3242.5,1172069984,reserved,false,55319271624,55319271624,1,31107000,0,0,34,D/21DDC028
  08:11:42,DRAIN_SLOT_EMPTY container=apitap-bench-cdc-stress-drain
  08:11:48,3248.6,1172069984,reserved,false,55319271624,55319271624,1,31107000,0,0,34,D/21DDC028
  08:11:48,DRAIN_SLOT_EMPTY container=apitap-bench-cdc-stress-drain
  08:11:54,3254.8,1172069984,reserved,false,55319271624,55319271624,1,31107000,0,0,34,D/21DDC028
  08:11:54,DRAIN_SLOT_EMPTY container=apitap-bench-cdc-stress-drain
  08:12:00,3261.0,1172069984,reserved,false,55319271624,55319271624,1,31107000,0,0,34,D/21DDC028
  08:12:00,DRAIN_SLOT_EMPTY container=apitap-bench-cdc-stress-drain
  08:12:06,3267.2,1172069984,reserved,false,55319271624,55319271624,1,31107000,0,0,34,D/21DDC028
  08:12:07,DRAIN_SLOT_EMPTY container=apitap-bench-cdc-stress-drain
  08:12:13,3273.5,1172069984,reserved,false,55319271624,55319271624,1,31107000,0,0,34,D/21DDC028
  08:12:13,DRAIN_SLOT_EMPTY container=apitap-bench-cdc-stress-drain
  08:12:19,3279.7,1172069984,reserved,false,55319271624,55319271624,1,31107000,0,0,34,D/21DDC028
  08:12:19,DRAIN_SLOT_EMPTY container=apitap-bench-cdc-stress-drain
  08:12:25,3286.0,1172069984,reserved,false,55319271624,55319271624,1,31107000,0,0,34,D/21DDC028
  08:12:25,DRAIN_SLOT_EMPTY container=apitap-bench-cdc-stress-drain
  08:12:31,3292.1,1172069984,reserved,false,55319271624,55319271624,1,31107000,0,0,34,D/21DDC028
  08:12:31,DRAIN_SLOT_EMPTY container=apitap-bench-cdc-stress-drain
  08:12:37,3298.2,1172069984,reserved,false,55319271624,55319271624,1,31107000,0,0,34,D/21DDC028
  08:12:38,DRAIN_SLOT_EMPTY container=apitap-bench-cdc-stress-drain
  08:12:44,3304.4,1172069984,reserved,false,55319271624,55319271624,1,31107000,0,0,34,D/21DDC028
  08:12:44,DRAIN_SLOT_EMPTY container=apitap-bench-cdc-stress-drain
  08:12:50,3310.5,1172069984,reserved,false,55319271624,55319271624,1,31107000,0,0,34,D/21DDC028
  08:12:50,DRAIN_SLOT_EMPTY container=apitap-bench-cdc-stress-drain
  08:12:56,3316.6,1172069984,reserved,false,55319271624,55319271624,1,31107000,0,0,34,D/21DDC028
  08:12:56,DRAIN_SLOT_EMPTY container=apitap-bench-cdc-stress-drain
  08:13:02,3322.9,1172069984,reserved,false,55319271624,55319271624,1,31107000,0,0,34,D/21DDC028
  08:13:02,DRAIN_SLOT_EMPTY container=apitap-bench-cdc-stress-drain
  08:13:08,3329.2,1172069984,reserved,false,55319271624,55319271624,1,31107000,0,0,34,D/21DDC028
  08:13:08,DRAIN_SLOT_EMPTY container=apitap-bench-cdc-stress-drain
  08:13:14,3335.3,1172069984,reserved,false,55319271624,55319271624,1,31107000,0,0,34,D/21DDC028
  08:13:15,DRAIN_SLOT_EMPTY container=apitap-bench-cdc-stress-drain
  08:13:21,3341.4,1172069984,reserved,false,55319271624,55319271624,1,31107000,0,0,34,D/21DDC028
  08:13:21,DRAIN_SLOT_EMPTY container=apitap-bench-cdc-stress-drain
  08:13:27,3347.6,1172069984,reserved,false,55319271624,55319271624,1,31107000,0,0,34,D/21DDC028
  08:13:27,DRAIN_SLOT_EMPTY container=apitap-bench-cdc-stress-drain
  08:13:33,3353.7,1172069984,reserved,false,55319271624,55319271624,1,31107000,0,0,34,D/21DDC028
  08:13:33,DRAIN_SLOT_EMPTY container=apitap-bench-cdc-stress-drain
  08:13:39,3359.9,1172069984,reserved,false,55319271624,55319271624,1,31107000,0,0,34,D/21DDC028
  08:13:39,DRAIN_SLOT_EMPTY container=apitap-bench-cdc-stress-drain
  08:13:45,3366.2,1172069984,reserved,false,55319271624,55319271624,1,31107000,0,0,34,D/21DDC028
  08:13:46,DRAIN_SLOT_EMPTY container=apitap-bench-cdc-stress-drain
  08:13:52,3372.4,1172069984,reserved,false,55319271624,55319271624,1,31107000,0,0,34,D/21DDC028
  08:13:52,DRAIN_SLOT_EMPTY container=apitap-bench-cdc-stress-drain
  08:13:58,3378.5,1172069984,reserved,false,55319271624,55319271624,1,31107000,0,0,34,D/21DDC028
  08:13:58,DRAIN_SLOT_EMPTY container=apitap-bench-cdc-stress-drain
  08:14:04,3384.6,1172069984,reserved,false,55319271624,55319271624,1,31107000,0,0,34,D/21DDC028
  08:14:04,DRAIN_SLOT_EMPTY container=apitap-bench-cdc-stress-drain
  08:14:10,3390.7,1172069984,reserved,false,55319271624,55319271624,1,31107000,0,0,34,D/21DDC028
  08:14:10,DRAIN_SLOT_EMPTY container=apitap-bench-cdc-stress-drain
  08:14:16,3396.7,1172069984,reserved,false,55319271624,55319271624,1,31107000,0,0,34,D/21DDC028
  08:14:16,DRAIN_SLOT_EMPTY container=apitap-bench-cdc-stress-drain
  08:14:22,3403.0,1172069984,reserved,false,55319271624,55319271624,1,31107000,0,0,34,D/21DDC028
  08:14:22,DRAIN_SLOT_EMPTY container=apitap-bench-cdc-stress-drain
  08:14:28,3409.1,1172069984,reserved,false,55319271624,55319271624,1,31107000,0,0,34,D/21DDC028
  08:14:28,DRAIN_SLOT_EMPTY container=apitap-bench-cdc-stress-drain
  08:14:34,3415.3,1172069984,reserved,false,55319271624,55319271624,1,31107000,0,0,34,D/21DDC028
  08:14:35,DRAIN_SLOT_EMPTY container=apitap-bench-cdc-stress-drain
  08:14:40,3421.4,1172069984,reserved,false,55319271624,55319271624,1,31107000,0,0,34,D/21DDC028
  08:14:41,DRAIN_SLOT_EMPTY container=apitap-bench-cdc-stress-drain
  08:14:46,3427.4,1172069984,reserved,false,55319271624,55319271624,1,31107000,0,0,34,D/21DDC028
  08:14:47,DRAIN_SLOT_EMPTY container=apitap-bench-cdc-stress-drain
  08:14:53,3433.5,1172069984,reserved,false,55319271624,55319271624,1,31107000,0,0,34,D/21DDC028
  08:14:53,DRAIN_SLOT_EMPTY container=apitap-bench-cdc-stress-drain
  08:14:59,3439.7,1172069984,reserved,false,55319271624,55319271624,1,31107000,0,0,34,D/21DDC028
  08:14:59,DRAIN_SLOT_EMPTY container=apitap-bench-cdc-stress-drain
  08:15:05,3445.9,1172069984,reserved,false,55319271624,55319271624,1,31107000,0,0,34,D/21DDC028
  08:15:05,DRAIN_SLOT_EMPTY container=apitap-bench-cdc-stress-drain
  08:15:11,3452.0,1172069984,reserved,false,55319271624,55319271624,1,31107000,0,0,34,D/21DDC028
  08:15:11,DRAIN_SLOT_EMPTY container=apitap-bench-cdc-stress-drain
  08:15:17,3458.1,1172069984,reserved,false,55319271624,55319271624,1,31107000,0,0,34,D/21DDC028
  08:15:18,DRAIN_SLOT_EMPTY container=apitap-bench-cdc-stress-drain
  08:15:23,3464.3,1172069984,reserved,false,55319271624,55319271624,1,31107000,0,0,34,D/21DDC028
  08:15:24,DRAIN_SLOT_EMPTY container=apitap-bench-cdc-stress-drain
  08:15:30,3470.6,1172069984,reserved,false,55319271624,55319271624,1,31107000,0,0,34,D/21DDC028
  08:15:30,DRAIN_SLOT_EMPTY container=apitap-bench-cdc-stress-drain
  08:15:36,3476.7,1172069984,reserved,false,55319271624,55319271624,1,31107000,0,0,34,D/21DDC028
  08:15:36,DRAIN_SLOT_EMPTY container=apitap-bench-cdc-stress-drain
  08:15:42,3483.0,1172069984,reserved,false,55319271624,55319271624,1,31107000,0,0,34,D/21DDC028
  08:15:42,DRAIN_SLOT_EMPTY container=apitap-bench-cdc-stress-drain
  08:15:48,3489.3,1172069984,reserved,false,55319271624,55319271624,1,31107000,0,0,34,D/21DDC028
  08:15:49,DRAIN_SLOT_EMPTY container=apitap-bench-cdc-stress-drain
  08:15:55,3495.5,1172069984,reserved,false,55319271624,55319271624,1,31107000,0,0,34,D/21DDC028
  08:15:55,DRAIN_SLOT_EMPTY container=apitap-bench-cdc-stress-drain
  08:16:01,3501.5,1172069984,reserved,false,55319271624,55319271624,1,31107000,0,0,34,D/21DDC028
  08:16:01,DRAIN_SLOT_EMPTY container=apitap-bench-cdc-stress-drain
  08:16:07,3508.0,1172069984,reserved,false,55319271624,55319271624,1,31107000,0,0,34,D/21DDC028
  08:16:07,DRAIN_SLOT_EMPTY container=apitap-bench-cdc-stress-drain
  08:16:13,3514.1,1172069984,reserved,false,55319271624,55319271624,1,31107000,0,0,34,D/21DDC028
  08:16:13,DRAIN_SLOT_EMPTY container=apitap-bench-cdc-stress-drain
  08:16:19,3520.2,1172069984,reserved,false,55319271624,55319271624,1,31107000,0,0,34,D/21DDC028
  08:16:20,DRAIN_SLOT_EMPTY container=apitap-bench-cdc-stress-drain
  08:16:26,3526.4,1172069984,reserved,false,55319271624,55319271624,1,31107000,0,0,34,D/21DDC028
  08:16:26,DRAIN_SLOT_EMPTY container=apitap-bench-cdc-stress-drain
  08:16:31,3532.4,1172069984,reserved,false,55319271624,55319271624,1,31107000,0,0,34,D/21DDC028
  08:16:32,DRAIN_SLOT_EMPTY container=apitap-bench-cdc-stress-drain
  08:16:38,3538.5,1172069984,reserved,false,55319271624,55319271624,1,31107000,0,0,34,D/21DDC028
  08:16:38,DRAIN_SLOT_EMPTY container=apitap-bench-cdc-stress-drain
  08:16:44,3544.6,1172069984,reserved,false,55319271624,55319271624,1,31107000,0,0,34,D/21DDC028
  08:16:44,DRAIN_SLOT_EMPTY container=apitap-bench-cdc-stress-drain
  08:16:50,3550.5,1172069984,reserved,false,55319271624,55319271624,1,31107000,0,0,34,D/21DDC028
  08:16:50,DRAIN_SLOT_EMPTY container=apitap-bench-cdc-stress-drain
  08:16:56,3556.5,1172069984,reserved,false,55319271624,55319271624,1,31107000,0,0,34,D/21DDC028
  08:16:56,DRAIN_SLOT_EMPTY container=apitap-bench-cdc-stress-drain
  08:17:02,3562.8,1172069984,reserved,false,55319271624,55319271624,1,31107000,0,0,34,D/21DDC028
  08:17:02,DRAIN_SLOT_EMPTY container=apitap-bench-cdc-stress-drain
  08:17:08,3568.8,1172069984,reserved,false,55319271624,55319271624,1,31107000,0,0,34,D/21DDC028
  08:17:08,DRAIN_SLOT_EMPTY container=apitap-bench-cdc-stress-drain
  08:17:14,3574.9,1172069984,reserved,false,55319271624,55319271624,1,31107000,0,0,34,D/21DDC028
  08:17:14,DRAIN_SLOT_EMPTY container=apitap-bench-cdc-stress-drain
  08:17:20,3580.9,1172069984,reserved,false,55319271624,55319271624,1,31107000,0,0,34,D/21DDC028
  08:17:20,DRAIN_SLOT_EMPTY container=apitap-bench-cdc-stress-drain
  08:17:26,3586.8,1172069984,reserved,false,55319271624,55319271624,1,31107000,0,0,34,D/21DDC028
  08:17:26,DRAIN_SLOT_EMPTY container=apitap-bench-cdc-stress-drain
  08:17:32,3592.8,1172069984,reserved,false,55319271624,55319271624,1,31107000,0,0,34,D/21DDC028
  08:17:32,DRAIN_SLOT_EMPTY container=apitap-bench-cdc-stress-drain
  08:17:38,3598.8,1172069984,reserved,false,55319271624,55319271624,1,31107000,0,0,34,D/21DDC028
  08:17:38,DRAIN_SLOT_EMPTY container=apitap-bench-cdc-stress-drain
  08:17:44,3604.9,1172069984,reserved,false,55319271624,55319271624,1,31107000,0,0,34,D/21DDC028
  08:17:44,DRAIN_SLOT_EMPTY container=apitap-bench-cdc-stress-drain
  08:17:50,3610.9,1172069984,reserved,false,55319271624,55319271624,1,31107000,0,0,34,D/21DDC028
  08:17:50,DRAIN_SLOT_EMPTY container=apitap-bench-cdc-stress-drain
  08:17:56,3617.0,1172069984,reserved,false,55319271624,55319271624,1,31107000,0,0,34,D/21DDC028
  08:17:56,DRAIN_SLOT_EMPTY container=apitap-bench-cdc-stress-drain
  08:18:02,3623.3,1172069984,reserved,false,55319271624,55319271624,1,31107000,0,0,34,D/21DDC028
  08:18:03,DRAIN_SLOT_EMPTY container=apitap-bench-cdc-stress-drain
  08:18:09,3629.5,1172069984,reserved,false,55319271624,55319271624,1,31107000,0,0,34,D/21DDC028
  08:18:09,DRAIN_SLOT_EMPTY container=apitap-bench-cdc-stress-drain
  08:18:15,3635.8,1172069984,reserved,false,55319271624,55319271624,1,31107000,0,0,34,D/21DDC028
  08:18:15,DRAIN_SLOT_EMPTY container=apitap-bench-cdc-stress-drain
  08:18:21,3641.9,1172069984,reserved,false,55319271624,55319271624,1,31107000,0,0,34,D/21DDC028
  08:18:21,DRAIN_SLOT_EMPTY container=apitap-bench-cdc-stress-drain
  08:18:27,3648.0,1172069984,reserved,false,55319271624,55319271624,1,31107000,0,0,34,D/21DDC028
  08:18:27,DRAIN_SLOT_EMPTY container=apitap-bench-cdc-stress-drain
  08:18:33,3654.0,1172069984,reserved,false,55319271624,55319271624,1,31107000,0,0,34,D/21DDC028
  08:18:33,DRAIN_SLOT_EMPTY container=apitap-bench-cdc-stress-drain
  08:18:39,3660.4,1172069984,reserved,false,55319271624,55319271624,1,31107000,0,0,34,D/21DDC028
  08:18:40,DRAIN_SLOT_EMPTY container=apitap-bench-cdc-stress-drain
  08:18:45,3666.4,1172069984,reserved,false,55319271624,55319271624,1,31107000,0,0,34,D/21DDC028
  08:18:46,DRAIN_SLOT_EMPTY container=apitap-bench-cdc-stress-drain
  08:18:52,3672.9,1172069984,reserved,false,55319271624,55319271624,1,31107000,0,0,34,D/21DDC028
  08:18:52,DRAIN_SLOT_EMPTY container=apitap-bench-cdc-stress-drain
  08:18:58,3678.9,1172069984,reserved,false,55319271624,55319271624,1,31107000,0,0,34,D/21DDC028
  08:18:58,DRAIN_SLOT_EMPTY container=apitap-bench-cdc-stress-drain
  08:19:04,3685.1,1172069984,reserved,false,55319271624,55319271624,1,31107000,0,0,34,D/21DDC028
  08:19:04,DRAIN_SLOT_EMPTY container=apitap-bench-cdc-stress-drain
  08:19:10,3691.1,1172069984,reserved,false,55319271624,55319271624,1,31107000,0,0,34,D/21DDC028
  08:19:10,DRAIN_SLOT_EMPTY container=apitap-bench-cdc-stress-drain
  08:19:16,3697.2,1172069984,reserved,false,55319271624,55319271624,1,31107000,0,0,34,D/21DDC028
  08:19:16,DRAIN_SLOT_EMPTY container=apitap-bench-cdc-stress-drain
  08:19:22,3703.2,1172069984,reserved,false,55319271624,55319271624,1,31107000,0,0,34,D/21DDC028
  08:19:23,DRAIN_SLOT_EMPTY container=apitap-bench-cdc-stress-drain
  08:19:28,3709.3,1172069984,reserved,false,55319271624,55319271624,1,31107000,0,0,34,D/21DDC028
  08:19:29,DRAIN_SLOT_EMPTY container=apitap-bench-cdc-stress-drain
  08:19:34,3715.4,1172069984,reserved,false,55319271624,55319271624,1,31107000,0,0,34,D/21DDC028
  08:19:35,DRAIN_SLOT_EMPTY container=apitap-bench-cdc-stress-drain
  08:19:40,3721.4,1172069984,reserved,false,55319271624,55319271624,1,31107000,0,0,34,D/21DDC028
  08:19:41,DRAIN_SLOT_EMPTY container=apitap-bench-cdc-stress-drain
  08:19:46,3727.4,1172069984,reserved,false,55319271624,55319271624,1,31107000,0,0,34,D/21DDC028
  08:19:47,DRAIN_SLOT_EMPTY container=apitap-bench-cdc-stress-drain
  08:19:53,3733.4,1172069984,reserved,false,55319271624,55319271624,1,31107000,0,0,34,D/21DDC028
  08:19:53,DRAIN_SLOT_EMPTY container=apitap-bench-cdc-stress-drain
  08:19:59,3739.5,1172069984,reserved,false,55319271624,55319271624,1,31107000,0,0,34,D/21DDC028
  08:19:59,DRAIN_SLOT_EMPTY container=apitap-bench-cdc-stress-drain
  08:20:05,3745.7,1172069984,reserved,false,55319271624,55319271624,1,31107000,0,0,34,D/21DDC028
  08:20:05,DRAIN_SLOT_EMPTY container=apitap-bench-cdc-stress-drain
  08:20:11,3751.9,1172069984,reserved,false,55319271624,55319271624,1,31107000,0,0,34,D/21DDC028
  08:20:11,DRAIN_SLOT_EMPTY container=apitap-bench-cdc-stress-drain
  08:20:17,3758.1,1172069984,reserved,false,55319271624,55319271624,1,31107000,0,0,34,D/21DDC028
  08:20:18,DRAIN_SLOT_EMPTY container=apitap-bench-cdc-stress-drain
  08:20:23,3764.4,1172069984,reserved,false,55319271624,55319271624,1,31107000,0,0,34,D/21DDC028
  08:20:24,DRAIN_SLOT_EMPTY container=apitap-bench-cdc-stress-drain
  08:20:30,3770.5,1172069984,reserved,false,55319271624,55319271624,1,31107000,0,0,34,D/21DDC028
  08:20:30,DRAIN_SLOT_EMPTY container=apitap-bench-cdc-stress-drain
  08:20:36,3776.6,1172069984,reserved,false,55319271624,55319271624,1,31107000,0,0,34,D/21DDC028
  08:20:36,DRAIN_SLOT_EMPTY container=apitap-bench-cdc-stress-drain
  08:20:42,3782.6,1172069984,reserved,false,55319271624,55319271624,1,31107000,0,0,34,D/21DDC028
  08:20:42,DRAIN_SLOT_EMPTY container=apitap-bench-cdc-stress-drain
  08:20:48,3788.8,1172069984,reserved,false,55319271624,55319271624,1,31107000,0,0,34,D/21DDC028
  08:20:48,DRAIN_SLOT_EMPTY container=apitap-bench-cdc-stress-drain
  08:20:54,3794.9,1172069984,reserved,false,55319271624,55319271624,1,31107000,0,0,34,D/21DDC028
  08:20:54,DRAIN_SLOT_EMPTY container=apitap-bench-cdc-stress-drain
  08:21:00,3801.1,1172069984,reserved,false,55319271624,55319271624,1,31107000,0,0,34,D/21DDC028
  08:21:01,DRAIN_SLOT_EMPTY container=apitap-bench-cdc-stress-drain
  08:21:06,3807.4,1172069984,reserved,false,55319271624,55319271624,1,31107000,0,0,34,D/21DDC028
  08:21:07,DRAIN_SLOT_EMPTY container=apitap-bench-cdc-stress-drain
  08:21:12,3813.4,1172069984,reserved,false,55319271624,55319271624,1,31107000,0,0,34,D/21DDC028
  08:21:13,DRAIN_SLOT_EMPTY container=apitap-bench-cdc-stress-drain
  08:21:19,3819.5,1172069984,reserved,false,55319271624,55319271624,1,31107000,0,0,34,D/21DDC028
  08:21:19,DRAIN_SLOT_EMPTY container=apitap-bench-cdc-stress-drain
  08:21:25,3825.6,1172069984,reserved,false,55319271624,55319271624,1,31107000,0,0,34,D/21DDC028
  08:21:25,DRAIN_SLOT_EMPTY container=apitap-bench-cdc-stress-drain
  08:21:31,3831.7,1172069984,reserved,false,55319271624,55319271624,1,31107000,0,0,34,D/21DDC028
  08:21:31,DRAIN_SLOT_EMPTY container=apitap-bench-cdc-stress-drain
  08:21:37,3837.7,1172069984,reserved,false,55319271624,55319271624,1,31107000,0,0,34,D/21DDC028
  08:21:37,DRAIN_SLOT_EMPTY container=apitap-bench-cdc-stress-drain
  08:21:43,3843.8,1172069984,reserved,false,55319271624,55319271624,1,31107000,0,0,34,D/21DDC028
  08:21:43,DRAIN_SLOT_EMPTY container=apitap-bench-cdc-stress-drain
  08:21:49,3849.9,1172069984,reserved,false,55319271624,55319271624,1,31107000,0,0,34,D/21DDC028
  08:21:49,DRAIN_SLOT_EMPTY container=apitap-bench-cdc-stress-drain
  08:21:55,3856.0,1172069984,reserved,false,55319271624,55319271624,1,31107000,0,0,34,D/21DDC028
  08:21:55,DRAIN_SLOT_EMPTY container=apitap-bench-cdc-stress-drain
  08:22:02,3862.6,1172069984,reserved,false,55319271624,55319271624,1,31107000,0,0,34,D/21DDC028
  08:22:02,DRAIN_SLOT_EMPTY container=apitap-bench-cdc-stress-drain
  08:22:08,3868.7,1172069984,reserved,false,55319271624,55319271624,1,31107000,0,0,34,D/21DDC028
  08:22:08,DRAIN_SLOT_EMPTY container=apitap-bench-cdc-stress-drain
  08:22:14,3874.9,1172069984,reserved,false,55319271624,55319271624,1,31107000,0,0,34,D/21DDC028
  08:22:14,DRAIN_SLOT_EMPTY container=apitap-bench-cdc-stress-drain
  08:22:20,3881.0,1172069984,reserved,false,55319271624,55319271624,1,31107000,0,0,34,D/21DDC028
  08:22:20,DRAIN_SLOT_EMPTY container=apitap-bench-cdc-stress-drain
  08:22:26,3887.1,1172069984,reserved,false,55319271624,55319271624,1,31107000,0,0,34,D/21DDC028
  08:22:26,DRAIN_SLOT_EMPTY container=apitap-bench-cdc-stress-drain
  08:22:32,3893.1,1172069984,reserved,false,55319271624,55319271624,1,31107000,0,0,34,D/21DDC028
  08:22:32,DRAIN_SLOT_EMPTY container=apitap-bench-cdc-stress-drain
  08:22:38,3899.0,1172069984,reserved,false,55319271624,55319271624,1,31107000,0,0,34,D/21DDC028
  08:22:38,DRAIN_SLOT_EMPTY container=apitap-bench-cdc-stress-drain
  08:22:44,3905.1,1172069984,reserved,false,55319271624,55319271624,1,31107000,0,0,34,D/21DDC028
  08:22:44,DRAIN_SLOT_EMPTY container=apitap-bench-cdc-stress-drain
  08:22:50,3911.2,1172069984,reserved,false,55319271624,55319271624,1,31107000,0,0,34,D/21DDC028
  08:22:51,DRAIN_SLOT_EMPTY container=apitap-bench-cdc-stress-drain
  08:22:56,3917.4,1172069984,reserved,false,55319271624,55319271624,1,31107000,0,0,34,D/21DDC028
  08:22:57,DRAIN_SLOT_EMPTY container=apitap-bench-cdc-stress-drain
  08:23:03,3923.5,1172069984,reserved,false,55319271624,55319271624,1,31107000,0,0,34,D/21DDC028
  08:23:03,DRAIN_SLOT_EMPTY container=apitap-bench-cdc-stress-drain
  08:23:09,3929.7,1172069984,reserved,false,55319271624,55319271624,1,31107000,0,0,34,D/21DDC028
  08:23:09,DRAIN_SLOT_EMPTY container=apitap-bench-cdc-stress-drain
  08:23:15,3935.8,1172069984,reserved,false,55319271624,55319271624,1,31107000,0,0,34,D/21DDC028
  08:23:15,DRAIN_SLOT_EMPTY container=apitap-bench-cdc-stress-drain
  08:23:21,3941.8,1172069984,reserved,false,55319271624,55319271624,1,31107000,0,0,34,D/21DDC028
  08:23:21,DRAIN_SLOT_EMPTY container=apitap-bench-cdc-stress-drain
  08:23:27,3947.8,1172069984,reserved,false,55319271624,55319271624,1,31107000,0,0,34,D/21DDC028
  08:23:27,DRAIN_SLOT_EMPTY container=apitap-bench-cdc-stress-drain
  08:23:33,3954.0,1172069984,reserved,false,55319271624,55319271624,1,31107000,0,0,34,D/21DDC028
  08:23:33,DRAIN_SLOT_EMPTY container=apitap-bench-cdc-stress-drain
  08:23:39,3960.1,1172069984,reserved,false,55319271624,55319271624,1,31107000,0,0,34,D/21DDC028
  08:23:39,DRAIN_SLOT_EMPTY container=apitap-bench-cdc-stress-drain
  08:23:45,3966.1,1172069984,reserved,false,55319271624,55319271624,1,31107000,0,0,34,D/21DDC028
  08:23:45,DRAIN_SLOT_EMPTY container=apitap-bench-cdc-stress-drain
  08:23:51,3972.1,1172069984,reserved,false,55319271624,55319271624,1,31107000,0,0,34,D/21DDC028
  08:23:51,DRAIN_SLOT_EMPTY container=apitap-bench-cdc-stress-drain
  08:23:57,3978.0,1172069984,reserved,false,55319271624,55319271624,1,31107000,0,0,34,D/21DDC028
  08:23:58,DRAIN_SLOT_EMPTY container=apitap-bench-cdc-stress-drain
  08:24:03,3984.3,1172069984,reserved,false,55319271624,55319271624,1,31107000,0,0,34,D/21DDC028
  08:24:04,DRAIN_SLOT_EMPTY container=apitap-bench-cdc-stress-drain
  08:24:09,3990.4,1172069984,reserved,false,55319271624,55319271624,1,31107000,0,0,34,D/21DDC028
  08:24:10,DRAIN_SLOT_EMPTY container=apitap-bench-cdc-stress-drain
  08:24:16,3996.7,1172069984,reserved,false,55319271624,55319271624,1,31107000,0,0,34,D/21DDC028
  08:24:16,DRAIN_SLOT_EMPTY container=apitap-bench-cdc-stress-drain
  08:24:22,4002.8,1172069984,reserved,false,55319271624,55319271624,1,31107000,0,0,34,D/21DDC028
  08:24:22,DRAIN_SLOT_EMPTY container=apitap-bench-cdc-stress-drain
  08:24:28,4008.9,1172069984,reserved,false,55319271624,55319271624,1,31107000,0,0,34,D/21DDC028
  08:24:28,DRAIN_SLOT_EMPTY container=apitap-bench-cdc-stress-drain
  08:24:34,4015.1,1172069984,reserved,false,55319271624,55319271624,1,31107000,0,0,34,D/21DDC028
  08:24:34,DRAIN_SLOT_EMPTY container=apitap-bench-cdc-stress-drain
  08:24:40,4021.1,1172069984,reserved,false,55319271624,55319271624,1,31107000,0,0,34,D/21DDC028
  08:24:40,DRAIN_SLOT_EMPTY container=apitap-bench-cdc-stress-drain
  08:24:46,4027.2,1172069984,reserved,false,55319271624,55319271624,1,31107000,0,0,34,D/21DDC028
  08:24:46,DRAIN_SLOT_EMPTY container=apitap-bench-cdc-stress-drain
  08:24:52,4033.3,1172069984,reserved,false,55319271624,55319271624,1,31107000,0,0,34,D/21DDC028
  08:24:53,DRAIN_SLOT_EMPTY container=apitap-bench-cdc-stress-drain
  08:24:59,4039.5,1172069984,reserved,false,55319271624,55319271624,1,31107000,0,0,34,D/21DDC028
  08:24:59,DRAIN_SLOT_EMPTY container=apitap-bench-cdc-stress-drain
  08:25:05,4045.6,1172069984,reserved,false,55319271624,55319271624,1,31107000,0,0,34,D/21DDC028
  08:25:05,DRAIN_SLOT_EMPTY container=apitap-bench-cdc-stress-drain
  08:25:11,4051.9,1172069984,reserved,false,55319271624,55319271624,1,31107000,0,0,34,D/21DDC028
  08:25:11,DRAIN_SLOT_EMPTY container=apitap-bench-cdc-stress-drain
  08:25:17,4057.9,1172069984,reserved,false,55319271624,55319271624,1,31107000,0,0,34,D/21DDC028
  08:25:17,DRAIN_SLOT_EMPTY container=apitap-bench-cdc-stress-drain
  08:25:23,4064.0,1172069984,reserved,false,55319271624,55319271624,1,31107000,0,0,34,D/21DDC028
  08:25:23,DRAIN_SLOT_EMPTY container=apitap-bench-cdc-stress-drain
  08:25:29,4070.4,1172069984,reserved,false,55319271624,55319271624,1,31107000,0,0,34,D/21DDC028
  08:25:30,DRAIN_SLOT_EMPTY container=apitap-bench-cdc-stress-drain
  08:25:35,4076.4,1172069984,reserved,false,55319271624,55319271624,1,31107000,0,0,34,D/21DDC028
  08:25:36,DRAIN_SLOT_EMPTY container=apitap-bench-cdc-stress-drain
  08:25:41,4082.4,1172069984,reserved,false,55319271624,55319271624,1,31107000,0,0,34,D/21DDC028
  08:25:42,DRAIN_SLOT_EMPTY container=apitap-bench-cdc-stress-drain
  08:25:48,4088.6,1172069984,reserved,false,55319271624,55319271624,1,31107000,0,0,34,D/21DDC028
  08:25:48,DRAIN_SLOT_EMPTY container=apitap-bench-cdc-stress-drain
  08:25:54,4094.7,1172069984,reserved,false,55319271624,55319271624,1,31107000,0,0,34,D/21DDC028
  08:25:54,DRAIN_SLOT_EMPTY container=apitap-bench-cdc-stress-drain
  08:26:00,4100.9,1172069984,reserved,false,55319271624,55319271624,1,31107000,0,0,34,D/21DDC028
  08:26:00,DRAIN_SLOT_EMPTY container=apitap-bench-cdc-stress-drain
  08:26:06,4107.1,1172069984,reserved,false,55319271624,55319271624,1,31107000,0,0,34,D/21DDC028
  08:26:06,DRAIN_SLOT_EMPTY container=apitap-bench-cdc-stress-drain
  08:26:14,4114.5,1172069984,reserved,false,55319271624,55319271624,1,31107000,0,0,34,D/21DDC028
  08:26:14,DRAIN_SLOT_EMPTY container=apitap-bench-cdc-stress-drain
  08:26:20,4120.7,1172069984,reserved,false,55319271624,55319271624,1,31107000,0,0,34,D/21DDC028
  08:26:20,DRAIN_SLOT_EMPTY container=apitap-bench-cdc-stress-drain
  08:26:26,4126.7,1172069984,reserved,false,55319271624,55319271624,1,31107000,0,0,34,D/21DDC028
  08:26:26,DRAIN_SLOT_EMPTY container=apitap-bench-cdc-stress-drain
  08:26:32,4132.8,1172069984,reserved,false,55319271624,55319271624,1,31107000,0,0,34,D/21DDC028
  08:26:32,DRAIN_SLOT_EMPTY container=apitap-bench-cdc-stress-drain
  08:26:38,4139.1,1172069984,reserved,false,55319271624,55319271624,1,31107000,0,0,34,D/21DDC028
  08:26:38,DRAIN_SLOT_EMPTY container=apitap-bench-cdc-stress-drain
  08:26:44,4145.2,1172069984,reserved,false,55319271624,55319271624,1,31107000,0,0,34,D/21DDC028
  08:26:44,DRAIN_SLOT_EMPTY container=apitap-bench-cdc-stress-drain
  08:26:50,4151.3,1172069984,reserved,false,55319271624,55319271624,1,31107000,0,0,34,D/21DDC028
  08:26:51,DRAIN_SLOT_EMPTY container=apitap-bench-cdc-stress-drain
  08:26:57,4157.5,1172069984,reserved,false,55319271624,55319271624,1,31107000,0,0,34,D/21DDC028
  08:26:57,DRAIN_SLOT_EMPTY container=apitap-bench-cdc-stress-drain
  08:27:03,4163.7,1172069984,reserved,false,55319271624,55319271624,1,31107000,0,0,34,D/21DDC028
  08:27:03,DRAIN_SLOT_EMPTY container=apitap-bench-cdc-stress-drain
  08:27:09,4170.0,1172069984,reserved,false,55319271624,55319271624,1,31107000,0,0,34,D/21DDC028
  08:27:09,DRAIN_SLOT_EMPTY container=apitap-bench-cdc-stress-drain
  08:27:15,4176.0,1172069984,reserved,false,55319271624,55319271624,1,31107000,0,0,34,D/21DDC028
  08:27:15,DRAIN_SLOT_EMPTY container=apitap-bench-cdc-stress-drain
  08:27:21,4182.1,1172069984,reserved,false,55319271624,55319271624,1,31107000,0,0,34,D/21DDC028
  08:27:21,DRAIN_SLOT_EMPTY container=apitap-bench-cdc-stress-drain
  08:27:27,4188.2,1172069984,reserved,false,55319271624,55319271624,1,31107000,0,0,34,D/21DDC028
  08:27:28,DRAIN_SLOT_EMPTY container=apitap-bench-cdc-stress-drain
  08:27:34,4194.6,1172069984,reserved,false,55319271624,55319271624,1,31107000,0,0,34,D/21DDC028
  08:27:34,DRAIN_SLOT_EMPTY container=apitap-bench-cdc-stress-drain
  08:27:40,4200.8,1172069984,reserved,false,55319271624,55319271624,1,31107000,0,0,34,D/21DDC028
  08:27:40,DRAIN_SLOT_EMPTY container=apitap-bench-cdc-stress-drain
  08:27:46,4207.0,1172069984,reserved,false,55319271624,55319271624,1,31107000,0,0,34,D/21DDC028
  08:27:46,DRAIN_SLOT_EMPTY container=apitap-bench-cdc-stress-drain
  08:27:52,4213.1,1172069984,reserved,false,55319271624,55319271624,1,31107000,0,0,34,D/21DDC028
  08:27:52,DRAIN_SLOT_EMPTY container=apitap-bench-cdc-stress-drain
  08:27:58,4219.4,1172069984,reserved,false,55319271624,55319271624,1,31107000,0,0,34,D/21DDC028
  08:27:59,DRAIN_SLOT_EMPTY container=apitap-bench-cdc-stress-drain
  08:28:05,4225.6,1172069984,reserved,false,55319271624,55319271624,1,31107000,0,0,34,D/21DDC028
  08:28:05,DRAIN_SLOT_EMPTY container=apitap-bench-cdc-stress-drain
  08:28:11,4231.7,1172069984,reserved,false,55319271624,55319271624,1,31107000,0,0,34,D/21DDC028
  08:28:11,DRAIN_SLOT_EMPTY container=apitap-bench-cdc-stress-drain
  08:28:17,4237.8,1172069984,reserved,false,55319271624,55319271624,1,31107000,0,0,34,D/21DDC028
  08:28:17,DRAIN_SLOT_EMPTY container=apitap-bench-cdc-stress-drain
  08:28:23,4244.0,1172069984,reserved,false,55319271624,55319271624,1,31107000,0,0,34,D/21DDC028
  08:28:23,DRAIN_SLOT_EMPTY container=apitap-bench-cdc-stress-drain
  08:28:29,4250.2,1172069984,reserved,false,55319271624,55319271624,1,31107000,0,0,34,D/21DDC028
  08:28:30,DRAIN_SLOT_EMPTY container=apitap-bench-cdc-stress-drain
  08:28:36,4256.5,1172069984,reserved,false,55319271624,55319271624,1,31107000,0,0,34,D/21DDC028
  08:28:36,DRAIN_SLOT_EMPTY container=apitap-bench-cdc-stress-drain
  08:28:42,4262.6,1172069984,reserved,false,55319271624,55319271624,1,31107000,0,0,34,D/21DDC028
  08:28:42,DRAIN_SLOT_EMPTY container=apitap-bench-cdc-stress-drain
  08:28:48,4268.8,1172069984,reserved,false,55319271624,55319271624,1,31107000,0,0,34,D/21DDC028
  08:28:48,DRAIN_SLOT_EMPTY container=apitap-bench-cdc-stress-drain
  08:28:54,4275.3,1172069984,reserved,false,55319271624,55319271624,1,31107000,0,0,34,D/21DDC028
  08:28:55,DRAIN_SLOT_EMPTY container=apitap-bench-cdc-stress-drain
  08:29:01,4281.5,1172069984,reserved,false,55319271624,55319271624,1,31107000,0,0,34,D/21DDC028
  08:29:01,DRAIN_SLOT_EMPTY container=apitap-bench-cdc-stress-drain
  08:29:07,4287.8,1172069984,reserved,false,55319271624,55319271624,1,31107000,0,0,34,D/21DDC028
  08:29:07,DRAIN_SLOT_EMPTY container=apitap-bench-cdc-stress-drain
  08:29:13,4294.0,1172069984,reserved,false,55319271624,55319271624,1,31107000,0,0,34,D/21DDC028
  08:29:13,DRAIN_SLOT_EMPTY container=apitap-bench-cdc-stress-drain
  08:29:19,4300.1,1172069984,reserved,false,55319271624,55319271624,1,31107000,0,0,34,D/21DDC028
  08:29:19,DRAIN_SLOT_EMPTY container=apitap-bench-cdc-stress-drain
  08:29:25,4306.1,1172069984,reserved,false,55319271624,55319271624,1,31107000,0,0,34,D/21DDC028
  08:29:26,DRAIN_SLOT_EMPTY container=apitap-bench-cdc-stress-drain
  08:29:32,4312.5,1172069984,reserved,false,55319271624,55319271624,1,31107000,0,0,34,D/21DDC028
  08:29:32,DRAIN_SLOT_EMPTY container=apitap-bench-cdc-stress-drain
  08:29:38,4318.9,1172069984,reserved,false,55319271624,55319271624,1,31107000,0,0,34,D/21DDC028
  08:29:38,DRAIN_SLOT_EMPTY container=apitap-bench-cdc-stress-drain
  08:29:45,4325.7,1172069984,reserved,false,55319271624,55319271624,1,31107000,0,0,34,D/21DDC028
  08:29:45,DRAIN_SLOT_EMPTY container=apitap-bench-cdc-stress-drain
  08:29:51,4332.3,1172069984,reserved,false,55319271624,55319271624,1,31107000,0,0,34,D/21DDC028
  08:29:52,DRAIN_SLOT_EMPTY container=apitap-bench-cdc-stress-drain
  08:29:58,4338.5,1172069984,reserved,false,55319271624,55319271624,1,31107000,0,0,34,D/21DDC028
  08:29:58,DRAIN_SLOT_EMPTY container=apitap-bench-cdc-stress-drain
  08:30:04,4344.8,1172069984,reserved,false,55319271624,55319271624,1,31107000,0,0,34,D/21DDC028
  08:30:04,DRAIN_SLOT_EMPTY container=apitap-bench-cdc-stress-drain
  08:30:10,4351.0,1172069984,reserved,false,55319271624,55319271624,1,31107000,0,0,34,D/21DDC028
  08:30:10,DRAIN_SLOT_EMPTY container=apitap-bench-cdc-stress-drain
  08:30:16,4357.1,1172069984,reserved,false,55319271624,55319271624,1,31107000,0,0,34,D/21DDC028
  08:30:16,DRAIN_SLOT_EMPTY container=apitap-bench-cdc-stress-drain
  08:30:22,4363.3,1172069984,reserved,false,55319271624,55319271624,1,31107000,0,0,34,D/21DDC028
  08:30:23,DRAIN_SLOT_EMPTY container=apitap-bench-cdc-stress-drain
  08:30:28,4369.4,1172069984,reserved,false,55319271624,55319271624,1,31107000,0,0,34,D/21DDC028
  08:30:29,DRAIN_SLOT_EMPTY container=apitap-bench-cdc-stress-drain
  08:30:35,4375.4,1172069984,reserved,false,55319271624,55319271624,1,31107000,0,0,34,D/21DDC028
  08:30:35,DRAIN_SLOT_EMPTY container=apitap-bench-cdc-stress-drain
  08:30:41,4381.6,1163325536,reserved,true,55319271624,55330370568,2,31115000,0,0,34,D/21DDC8B8
  08:30:41,DRAIN_SLOT_EMPTY container=apitap-bench-cdc-stress-drain
  08:30:47,4388.0,1163325712,reserved,true,55330370568,55341781928,2,31146200,0,0,34,D/21DDC8B8
  08:30:47,DRAIN_SLOT_EMPTY container=apitap-bench-cdc-stress-drain
  08:30:53,4394.3,1163325768,reserved,true,55353426040,55353426040,1,31178200,0,0,34,D/21DDC8F0
  08:30:54,DRAIN_SLOT_EMPTY container=apitap-bench-cdc-stress-drain
  08:31:00,4400.8,1163325768,reserved,true,55364674024,55376157416,2,31158200,0,0,34,D/21DDC8F0
  08:31:00,DRAIN_SLOT_EMPTY container=apitap-bench-cdc-stress-drain
  08:31:06,4407.2,1036815240,reserved,true,55376157416,55387505008,2,31132600,0,0,34,D/21DDC8F0
  08:31:07,DRAIN_SLOT_EMPTY container=apitap-bench-cdc-stress-drain
  08:31:12,4413.3,1036815240,reserved,true,55398913736,55409344880,2,31156600,0,0,34,D/21DDC8F0
  08:31:13,DRAIN_SLOT_EMPTY container=apitap-bench-cdc-stress-drain
  08:31:19,4419.7,1036815240,reserved,true,55409344880,55420333448,2,31192600,0,0,34,D/21DDC8F0
  08:31:19,DRAIN_SLOT_EMPTY container=apitap-bench-cdc-stress-drain
  08:31:25,4425.9,1036815240,reserved,true,55431201720,55442340712,2,31151000,0,0,34,D/21DDC8F0
  08:31:25,DRAIN_SLOT_EMPTY container=apitap-bench-cdc-stress-drain
  08:31:31,4432.0,1036815240,reserved,true,55442340712,55454583784,2,31142200,0,0,34,D/21DDC8F0
  08:31:31,DRAIN_SLOT_EMPTY container=apitap-bench-cdc-stress-drain
  08:31:37,4438.2,1036815240,reserved,true,55464761424,55475438560,2,31175800,0,0,34,D/21DDC8F0
  08:31:38,DRAIN_SLOT_EMPTY container=apitap-bench-cdc-stress-drain
  08:31:43,4444.3,931497440,reserved,true,55486772560,55500541952,2,31167000,0,0,34,D/21DDC8F0
  08:31:44,DRAIN_SLOT_EMPTY container=apitap-bench-cdc-stress-drain
  08:31:50,4450.5,931497440,reserved,true,55500541952,55512738000,2,31143800,0,0,34,D/21DDC8F0
  08:31:50,DRAIN_SLOT_EMPTY container=apitap-bench-cdc-stress-drain
  08:31:56,4456.8,931497440,reserved,true,55524244112,55534338848,2,31159000,0,0,34,D/21DDC8F0
  08:31:56,DRAIN_SLOT_EMPTY container=apitap-bench-cdc-stress-drain
  08:32:02,4463.1,931497440,reserved,true,55534338848,55544241752,2,31159000,0,0,34,D/21DDC8F0
  08:32:03,DRAIN_SLOT_EMPTY container=apitap-bench-cdc-stress-drain
  08:32:09,4469.5,931497440,reserved,true,55553737936,55563581824,2,31145400,0,0,34,D/21DDC8F0
  08:32:09,DRAIN_SLOT_EMPTY container=apitap-bench-cdc-stress-drain
  08:32:15,4475.6,931497440,reserved,true,55563581824,55573816912,2,31151000,0,0,34,D/21DDC8F0
  08:32:15,DRAIN_SLOT_EMPTY container=apitap-bench-cdc-stress-drain
  08:32:21,4481.7,931497440,reserved,true,55573816912,55584233776,2,31172600,0,0,34,D/21DDC8F0
  08:32:21,DRAIN_SLOT_EMPTY container=apitap-bench-cdc-stress-drain
  08:32:27,4488.0,817833976,reserved,true,55594494952,55604911968,2,31160600,0,0,34,D/21DDC8F0
  08:32:27,DRAIN_SLOT_EMPTY container=apitap-bench-cdc-stress-drain
  08:32:33,4494.3,817833976,reserved,true,55604911968,55614621880,2,31133400,0,0,34,D/21DDC8F0
  08:32:34,DRAIN_SLOT_EMPTY container=apitap-bench-cdc-stress-drain
  08:32:40,4500.6,817833976,reserved,true,55624628792,55634618696,2,31151800,0,0,34,D/21DDC8F0
  08:32:40,DRAIN_SLOT_EMPTY container=apitap-bench-cdc-stress-drain
  08:32:46,4507.0,817833976,reserved,true,55634618696,55644614880,2,31187000,0,0,34,D/21DDC8F0
  08:32:46,DRAIN_SLOT_EMPTY container=apitap-bench-cdc-stress-drain
  08:32:52,4513.3,817833976,reserved,true,55654654584,55664861288,2,31143800,0,0,33,D/21DDC8F0
  08:32:53,DRAIN_SLOT_EMPTY container=apitap-bench-cdc-stress-drain
  08:32:59,4520.1,817833976,reserved,true,55664861288,55675101648,2,31150200,0,0,33,D/21DDC8F0
  08:33:00,DRAIN_SLOT_EMPTY container=apitap-bench-cdc-stress-drain
  08:33:06,4526.6,817833976,reserved,true,55675101648,55685563232,2,31162200,0,0,33,D/21DDC8F0
  08:33:06,DRAIN_SLOT_EMPTY container=apitap-bench-cdc-stress-drain
  08:33:12,4532.9,715500408,reserved,true,55694766800,55704207424,2,31156600,0,0,33,D/21DDC8F0
  08:33:12,DRAIN_SLOT_EMPTY container=apitap-bench-cdc-stress-drain
  08:33:18,4539.1,715500408,reserved,true,55704207424,55714253816,2,31132600,0,0,33,D/21DDC8F0
  08:33:19,DRAIN_SLOT_EMPTY container=apitap-bench-cdc-stress-drain
  08:33:25,4545.5,715500408,reserved,true,55723564384,55732400488,2,31151000,0,0,33,D/21DDC8F0
  08:33:25,DRAIN_SLOT_EMPTY container=apitap-bench-cdc-stress-drain
  08:33:31,4551.8,715500408,reserved,true,55732400488,55741297000,2,31175800,0,0,33,D/21DDC8F0
  08:33:31,DRAIN_SLOT_EMPTY container=apitap-bench-cdc-stress-drain
  08:33:37,4558.1,715500408,reserved,true,55750514840,55759033888,2,31161400,0,0,33,D/21DDC8F0
  08:33:38,DRAIN_SLOT_EMPTY container=apitap-bench-cdc-stress-drain
  08:33:44,4564.6,715500408,reserved,true,55759033888,55768354536,2,31150200,0,0,34,D/21DDC8F0
  08:33:44,DRAIN_SLOT_EMPTY container=apitap-bench-cdc-stress-drain
  08:33:50,4570.8,715500408,reserved,true,55777142656,55786185680,2,31158200,0,0,34,D/21DDC8F0
  08:33:50,DRAIN_SLOT_EMPTY container=apitap-bench-cdc-stress-drain
  08:33:56,4577.1,619502000,reserved,true,55786185680,55794927032,2,31155800,0,0,34,D/21DDC8F0
  08:33:56,DRAIN_SLOT_EMPTY container=apitap-bench-cdc-stress-drain
  08:34:03,4583.6,619502000,reserved,true,55804141784,55812721320,2,31147000,0,0,34,D/21DDC8F0
  08:34:03,DRAIN_SLOT_EMPTY container=apitap-bench-cdc-stress-drain
  08:34:09,4590.1,619502000,reserved,true,55812721320,55821311472,2,31152600,0,0,34,D/21DDC8F0
  08:34:09,DRAIN_SLOT_EMPTY container=apitap-bench-cdc-stress-drain
  08:34:15,4596.2,619502000,reserved,true,55821311472,55829990768,2,31168600,0,0,34,D/21DDC8F0
  08:34:16,DRAIN_SLOT_EMPTY container=apitap-bench-cdc-stress-drain
  08:34:21,4602.4,619502000,reserved,true,55838678848,55847266656,2,31162200,0,0,34,D/21DDC8F0
  08:34:22,DRAIN_SLOT_EMPTY container=apitap-bench-cdc-stress-drain
  08:34:28,4608.7,619502000,reserved,true,55847266656,55855828184,2,31141400,0,0,34,D/21DDC8F0
  08:34:28,DRAIN_SLOT_EMPTY container=apitap-bench-cdc-stress-drain
  08:34:34,4615.2,619502000,reserved,true,55864325560,55872863496,2,31151000,0,0,34,D/21DDC8F0
  08:34:35,DRAIN_SLOT_EMPTY container=apitap-bench-cdc-stress-drain
  08:34:41,4621.5,619502000,reserved,true,55872863496,55881454288,2,31171000,0,0,34,D/21DDC8F0
  08:34:41,DRAIN_SLOT_EMPTY container=apitap-bench-cdc-stress-drain
  08:34:47,4627.9,529639776,reserved,true,55889746192,55898047392,2,31160600,0,0,34,D/21DDC8F0
  08:34:47,DRAIN_SLOT_EMPTY container=apitap-bench-cdc-stress-drain
  08:34:53,4634.0,529639776,reserved,true,55898047392,55906295264,2,31143800,0,0,34,D/21DDC8F0
  08:34:53,DRAIN_SLOT_EMPTY container=apitap-bench-cdc-stress-drain
  08:35:00,4640.4,529639776,reserved,true,55914799808,55922802640,2,31159800,0,0,34,D/21DDC8F0
  08:35:00,DRAIN_SLOT_EMPTY container=apitap-bench-cdc-stress-drain
  08:35:06,4646.9,529639776,reserved,true,55922802640,55931099080,2,31159000,0,0,34,D/21DDC8F0
  08:35:06,DRAIN_SLOT_EMPTY container=apitap-bench-cdc-stress-drain
  08:35:12,4653.1,529639776,reserved,true,55939404680,55947855768,2,31147800,0,0,34,D/21DDC8F0
  08:35:12,DRAIN_SLOT_EMPTY container=apitap-bench-cdc-stress-drain
  08:35:19,4659.5,529639776,reserved,true,55947855768,55955506432,2,31157400,0,0,34,D/21DDC8F0
  08:35:19,DRAIN_SLOT_EMPTY container=apitap-bench-cdc-stress-drain
  08:35:25,4665.7,529639776,reserved,true,55963519824,55971641568,2,31163800,0,0,34,D/21DDC8F0
  08:35:25,DRAIN_SLOT_EMPTY container=apitap-bench-cdc-stress-drain
  08:35:31,4671.8,529639776,reserved,true,55971641568,55979890424,2,31160600,0,0,34,D/21DDC8F0
  08:35:31,DRAIN_SLOT_EMPTY container=apitap-bench-cdc-stress-drain
  08:35:38,4678.5,529639776,reserved,true,55979890424,55987789696,2,31153400,0,0,34,D/21DDC8F0
  08:35:38,DRAIN_SLOT_EMPTY container=apitap-bench-cdc-stress-drain
  08:35:44,4684.7,529639776,reserved,true,55995637896,56003612344,2,31164600,0,0,34,D/21DDC8F0
  08:35:44,DRAIN_SLOT_EMPTY container=apitap-bench-cdc-stress-drain
  08:35:50,4691.1,529639776,reserved,true,56003612344,56011871944,2,31161400,0,0,34,D/21DDC8F0
  08:35:50,DRAIN_SLOT_EMPTY container=apitap-bench-cdc-stress-drain
  08:35:57,4697.5,529639776,reserved,true,56019588464,56027534792,2,31144600,0,0,34,D/21DDC8F0
  08:35:57,DRAIN_SLOT_EMPTY container=apitap-bench-cdc-stress-drain
  08:36:03,4703.8,529639776,reserved,true,56027534792,56035474128,2,31147800,0,0,34,D/21DDC8F0
  08:36:03,DRAIN_SLOT_EMPTY container=apitap-bench-cdc-stress-drain
  08:36:09,4710.2,529639776,reserved,true,56043396928,56043396928,1,31174200,0,0,34,D/21DDC8F0
  08:36:10,DRAIN_SLOT_EMPTY container=apitap-bench-cdc-stress-drain
  08:36:16,4716.7,365919480,reserved,true,56051557928,56059460248,2,31155800,0,0,34,D/21DF2000
  08:36:16,DRAIN_SLOT_EMPTY container=apitap-bench-cdc-stress-drain
  08:36:22,4723.0,366008160,reserved,true,56059460248,56067192048,2,31146200,0,0,34,D/21DF2358
  08:36:23,DRAIN_SLOT_EMPTY container=apitap-bench-cdc-stress-drain
  08:36:28,4729.4,366008160,reserved,true,56075088744,56083063280,2,31156600,0,0,33,D/21DF2358
  08:36:29,DRAIN_SLOT_EMPTY container=apitap-bench-cdc-stress-drain
  08:36:35,4735.5,366008160,reserved,true,56083063280,56090953112,2,31166200,0,0,33,D/21DF2358
  08:36:35,DRAIN_SLOT_EMPTY container=apitap-bench-cdc-stress-drain
  08:36:41,4741.7,366008216,reserved,true,56098919112,56106784936,2,31154200,0,0,33,D/21DF2390
  08:36:41,DRAIN_SLOT_EMPTY container=apitap-bench-cdc-stress-drain
  08:36:47,4747.8,366008216,reserved,true,56106784936,56114923176,2,31149400,0,0,33,D/21DF2390
  08:36:47,DRAIN_SLOT_EMPTY container=apitap-bench-cdc-stress-drain
  08:36:53,4753.9,284033800,reserved,true,56122884712,56130595816,2,31157400,0,0,33,D/21DF2390
  08:36:53,DRAIN_SLOT_EMPTY container=apitap-bench-cdc-stress-drain
  08:36:59,4760.1,284033800,reserved,true,56130595816,56138504288,2,31154200,0,0,33,D/21DF2390
  08:37:00,DRAIN_SLOT_EMPTY container=apitap-bench-cdc-stress-drain
  08:37:06,4766.5,284033800,reserved,true,56138504288,56146726064,2,31145400,0,0,33,D/21DF2390
  08:37:06,DRAIN_SLOT_EMPTY container=apitap-bench-cdc-stress-drain
  08:37:12,4772.7,284033800,reserved,true,56154612912,56162574296,2,31154200,0,0,33,D/21DF2390
  08:37:12,DRAIN_SLOT_EMPTY container=apitap-bench-cdc-stress-drain
  08:37:18,4778.9,284033800,reserved,true,56162574296,56170408448,2,31167000,0,0,33,D/21DF2390
  08:37:18,DRAIN_SLOT_EMPTY container=apitap-bench-cdc-stress-drain
  08:37:24,4785.1,284033800,reserved,true,56178143544,56186056456,2,31159800,0,0,33,D/21DF2390
  08:37:25,DRAIN_SLOT_EMPTY container=apitap-bench-cdc-stress-drain
  08:37:31,4791.6,284033800,reserved,true,56186056456,56193991744,2,31147800,0,0,33,D/21DF2390
  08:37:31,DRAIN_SLOT_EMPTY container=apitap-bench-cdc-stress-drain
  08:37:37,4798.0,284033800,reserved,true,56193991744,56201917832,2,31155800,0,0,33,D/21DF2390
  08:37:37,DRAIN_SLOT_EMPTY container=apitap-bench-cdc-stress-drain
  08:37:43,4804.2,284033800,reserved,true,56209858280,56217891832,2,31159800,0,0,33,D/21DF2390
  08:37:44,DRAIN_SLOT_EMPTY container=apitap-bench-cdc-stress-drain
  08:37:50,4810.5,284033800,reserved,true,56217891832,56225893176,2,31151000,0,0,33,D/21DF2390
  08:37:50,DRAIN_SLOT_EMPTY container=apitap-bench-cdc-stress-drain
  08:37:56,4816.8,172848504,reserved,true,56233854544,56242096032,2,31150200,0,0,33,D/21DF2390
  08:37:56,DRAIN_SLOT_EMPTY container=apitap-bench-cdc-stress-drain
  08:38:03,4823.5,172848504,reserved,true,56242096032,56250066864,2,31165400,0,0,33,D/21DF2390
  08:38:03,DRAIN_SLOT_EMPTY container=apitap-bench-cdc-stress-drain
  08:38:09,4829.9,172848504,reserved,true,56250066864,56257803096,2,31161400,0,0,33,D/21DF2390
  08:38:09,DRAIN_SLOT_EMPTY container=apitap-bench-cdc-stress-drain
  08:38:16,4836.8,172848504,reserved,true,56265793976,56274019312,2,31150200,0,0,33,D/21E08000
  08:38:16,DRAIN_SLOT_EMPTY container=apitap-bench-cdc-stress-drain
  08:38:22,4842.9,172943536,reserved,true,56274019312,56281814200,2,31152600,0,0,33,D/21E096C8
  08:38:22,DRAIN_SLOT_EMPTY container=apitap-bench-cdc-stress-drain
  08:38:28,4849.3,122777256,reserved,true,56290011336,56297758696,2,31161400,0,0,33,D/21E096C8
  08:38:29,DRAIN_SLOT_EMPTY container=apitap-bench-cdc-stress-drain
  08:38:35,4855.5,122777256,reserved,true,56297758696,56305708928,2,31151800,0,0,33,D/21E096C8
  08:38:35,DRAIN_SLOT_EMPTY container=apitap-bench-cdc-stress-drain
  08:38:41,4861.7,122777256,reserved,true,56305708928,56313715632,2,31144600,0,0,33,D/21E096C8
  08:38:41,DRAIN_SLOT_EMPTY container=apitap-bench-cdc-stress-drain
  08:38:47,4868.0,122777256,reserved,true,56321664112,56329668632,2,31149400,0,0,33,D/21E096C8
  08:38:47,DRAIN_SLOT_EMPTY container=apitap-bench-cdc-stress-drain
  08:38:53,4874.3,122777256,reserved,true,56329668632,56337632944,2,31156600,0,0,33,D/21E096C8
  08:38:54,DRAIN_SLOT_EMPTY container=apitap-bench-cdc-stress-drain
  08:39:00,4880.6,122777256,reserved,true,56337632944,56345657752,2,31151800,0,0,33,D/21E096C8
  08:39:00,DRAIN_SLOT_EMPTY container=apitap-bench-cdc-stress-drain
  08:39:06,4887.2,122777256,reserved,true,56345657752,56353901808,2,31143800,0,0,33,D/21E096C8
  08:39:07,DRAIN_SLOT_EMPTY container=apitap-bench-cdc-stress-drain
  08:39:13,4893.6,122777256,reserved,true,56378161944,56388966168,2,31147000,0,0,33,D/21E096C8
  08:39:13,DRAIN_SLOT_EMPTY container=apitap-bench-cdc-stress-drain
  08:39:19,4899.9,22470624,reserved,true,56388966168,56402757640,2,31179800,0,0,33,D/21E62E88
  08:39:19,DRAIN_SLOT_EMPTY container=apitap-bench-cdc-stress-drain
  08:39:25,4906.4,22470680,reserved,false,56402757640,56402757640,1,31171000,0,0,33,D/21E62EC0
  08:39:26,DRAIN_SLOT_EMPTY container=apitap-bench-cdc-stress-drain
  08:39:32,4912.8,22470680,reserved,false,56402757640,56402757640,1,31139000,0,0,33,D/21E62EC0
  08:39:32,DRAIN_SLOT_EMPTY container=apitap-bench-cdc-stress-drain
  08:39:38,4919.0,22470680,reserved,false,56402757640,56402757640,1,31139000,0,0,33,D/21E62EC0
  08:39:38,DRAIN_SLOT_EMPTY container=apitap-bench-cdc-stress-drain
  08:39:44,4925.3,22470680,reserved,false,56402757640,56402757640,1,31139000,0,0,33,D/21E62EC0
  08:39:45,DRAIN_SLOT_EMPTY container=apitap-bench-cdc-stress-drain
  08:39:51,4931.4,22470680,reserved,false,56402757640,56402757640,1,31139000,0,0,33,D/21E62EC0
  08:39:51,DRAIN_SLOT_EMPTY container=apitap-bench-cdc-stress-drain
  08:39:57,4937.7,22470680,reserved,false,56402757640,56402757640,1,31139000,0,0,33,D/21E62EC0
  08:39:57,DRAIN_SLOT_EMPTY container=apitap-bench-cdc-stress-drain
  08:40:03,4944.4,22470680,reserved,false,56402757640,56402757640,1,31139000,0,0,33,D/21E62EC0
  08:40:04,DRAIN_SLOT_EMPTY container=apitap-bench-cdc-stress-drain
  08:40:10,4950.5,22470680,reserved,false,56402757640,56402757640,1,31139000,0,0,33,D/21E62EC0
  08:40:10,DRAIN_SLOT_EMPTY container=apitap-bench-cdc-stress-drain
  08:40:16,4956.8,22470680,reserved,false,56402757640,56402757640,1,31139000,0,0,33,D/21E62EC0
  08:40:16,DRAIN_SLOT_EMPTY container=apitap-bench-cdc-stress-drain
  08:40:22,4963.4,22470680,reserved,false,56402757640,56402757640,1,31139000,0,0,33,D/21E62EC0
  08:40:23,DRAIN_SLOT_EMPTY container=apitap-bench-cdc-stress-drain
  08:40:29,4969.5,22470680,reserved,false,56402757640,56402757640,1,31139000,0,0,33,D/21E62EC0
  08:40:29,DRAIN_SLOT_EMPTY container=apitap-bench-cdc-stress-drain
  08:40:35,4976.1,22470680,reserved,false,56402757640,56402757640,1,31139000,0,0,33,D/21E62EC0
  08:40:36,DRAIN_SLOT_EMPTY container=apitap-bench-cdc-stress-drain
  08:40:41,4982.4,22470680,reserved,false,56402757640,56402757640,1,31139000,0,0,33,D/21E62EC0
  08:40:42,DRAIN_SLOT_EMPTY container=apitap-bench-cdc-stress-drain
  08:40:48,4988.6,22470680,reserved,false,56402757640,56402757640,1,31139000,0,0,33,D/21E62EC0
  08:40:48,DRAIN_SLOT_EMPTY container=apitap-bench-cdc-stress-drain
  08:40:54,4994.8,22470680,reserved,false,56402757640,56402757640,1,31139000,0,0,33,D/21E62EC0
  08:40:54,DRAIN_SLOT_EMPTY container=apitap-bench-cdc-stress-drain
  08:41:00,5001.0,22470912,reserved,false,56402757640,56402757640,1,31139000,0,0,33,D/21E62FA8
  08:41:00,DRAIN_SLOT_EMPTY container=apitap-bench-cdc-stress-drain
  08:41:06,5007.1,22470912,reserved,false,56402757640,56402757640,1,31139000,0,0,33,D/21E62FA8
  08:41:07,DRAIN_SLOT_EMPTY container=apitap-bench-cdc-stress-drain
  08:41:12,5013.3,22470912,reserved,false,56402757640,56402757640,1,31139000,0,0,33,D/21E62FA8
  08:41:13,DRAIN_SLOT_EMPTY container=apitap-bench-cdc-stress-drain
  08:41:19,5019.6,22470912,reserved,false,56402757640,56402757640,1,31139000,0,0,33,D/21E62FA8
  08:41:19,DRAIN_SLOT_EMPTY container=apitap-bench-cdc-stress-drain
  08:41:25,5025.5,22470912,reserved,false,56402757640,56402757640,1,31139000,0,0,33,D/21E62FA8
  08:41:25,DRAIN_SLOT_EMPTY container=apitap-bench-cdc-stress-drain
  08:41:31,5031.7,22470912,reserved,false,56402757640,56402757640,1,31139000,0,0,33,D/21E62FA8
  08:41:31,DRAIN_SLOT_EMPTY container=apitap-bench-cdc-stress-drain
  08:41:38,5038.5,22470912,reserved,false,56402757640,56402757640,1,31139000,0,0,33,D/21E62FA8
  08:41:38,DRAIN_SLOT_EMPTY container=apitap-bench-cdc-stress-drain
  08:41:44,5045.1,22470912,reserved,false,56402757640,56402757640,1,31139000,0,0,33,D/21E62FA8
  08:41:44,DRAIN_SLOT_EMPTY container=apitap-bench-cdc-stress-drain
  08:41:51,5051.4,22470912,reserved,false,56402757640,56402757640,1,9344900,0,0,37,D/21E62FA8
  08:41:51,DRAIN_SLOT_EMPTY container=apitap-bench-cdc-stress-drain
  08:41:57,5057.8,0,none,false,0,0,0,0,0,0,39,D/220000D8
  08:41:57,DRAIN_SLOT_EMPTY container=apitap-bench-cdc-stress-drain
  08:42:03,5064.4,0,none,false,0,0,0,33792,0,0,39,D/220000D8
  08:42:04,DRAIN_SLOT_EMPTY container=apitap-bench-cdc-stress-drain
  08:42:09,5070.4,0,none,false,0,0,0,0,0,0,39,D/22000110
  08:42:10,DRAIN_SLOT_EMPTY container=apitap-bench-cdc-stress-drain
  08:42:15,5076.4,0,none,false,0,0,0,0,0,0,39,D/22000110
  08:42:16,DRAIN_SLOT_EMPTY container=apitap-bench-cdc-stress-drain
  08:42:22,5082.4,0,none,false,0,0,0,0,0,0,39,D/22000110
  08:42:22,DRAIN_SLOT_EMPTY container=apitap-bench-cdc-stress-drain
  08:42:28,5088.5,0,none,false,0,0,0,0,0,0,39,D/22000110
  08:42:28,DRAIN_SLOT_EMPTY container=apitap-bench-cdc-stress-drain
  08:42:34,5094.6,0,none,false,0,0,0,0,0,0,39,D/22000110
  08:42:34,DRAIN_SLOT_EMPTY container=apitap-bench-cdc-stress-drain
  08:42:40,5100.5,0,none,false,0,0,0,0,0,0,39,D/22000110
  08:42:40,DRAIN_SLOT_EMPTY container=apitap-bench-cdc-stress-drain
  08:42:46,5106.6,0,none,false,0,0,0,0,0,0,39,D/22000110
  08:42:46,DRAIN_SLOT_EMPTY container=apitap-bench-cdc-stress-drain
  08:42:52,5112.6,0,none,false,0,0,0,0,0,0,39,D/22000110
  08:42:52,DRAIN_SLOT_EMPTY container=apitap-bench-cdc-stress-drain
  08:42:58,5118.8,0,none,false,0,0,0,0,0,0,39,D/22000110
  08:42:58,DRAIN_SLOT_EMPTY container=apitap-bench-cdc-stress-drain
  08:43:04,5125.0,0,none,false,0,0,0,0,0,0,39,D/22000110
  08:43:04,DRAIN_SLOT_EMPTY container=apitap-bench-cdc-stress-drain
  08:43:10,5130.9,0,none,false,0,0,0,0,0,0,39,D/22000110
  08:43:10,DRAIN_SLOT_EMPTY container=apitap-bench-cdc-stress-drain
  08:43:16,5137.1,0,none,false,0,0,0,0,0,0,39,D/22000110
  08:43:16,DRAIN_SLOT_EMPTY container=apitap-bench-cdc-stress-drain
  08:43:22,5143.1,0,none,false,0,0,0,0,0,0,39,D/22000110
  08:43:22,DRAIN_SLOT_EMPTY container=apitap-bench-cdc-stress-drain
  08:43:28,5149.2,0,none,false,0,0,0,0,0,0,39,D/22000110
  08:43:29,DRAIN_SLOT_EMPTY container=apitap-bench-cdc-stress-drain
  08:43:34,5155.2,0,none,false,0,0,0,0,0,0,39,D/22000110
  08:43:35,DRAIN_SLOT_EMPTY container=apitap-bench-cdc-stress-drain
  08:43:40,5161.2,0,none,false,0,0,0,0,0,0,39,D/22000110
  08:43:40,DRAIN_SLOT_EMPTY container=apitap-bench-cdc-stress-drain
  08:43:46,5167.2,0,none,false,0,0,0,0,0,0,39,D/22000110
  08:43:46,DRAIN_SLOT_EMPTY container=apitap-bench-cdc-stress-drain
  08:43:52,5173.1,0,none,false,0,0,0,0,0,0,39,D/22000110
  08:43:52,DRAIN_SLOT_EMPTY container=apitap-bench-cdc-stress-drain
  08:43:58,5179.2,0,none,false,0,0,0,0,0,0,39,D/22000110
  08:43:58,DRAIN_SLOT_EMPTY container=apitap-bench-cdc-stress-drain
  08:44:04,5185.2,0,none,false,0,0,0,0,0,0,39,D/22000110
  08:44:04,DRAIN_SLOT_EMPTY container=apitap-bench-cdc-stress-drain
  08:44:10,5191.2,0,none,false,0,0,0,0,0,0,39,D/22000110
  08:44:11,DRAIN_SLOT_EMPTY container=apitap-bench-cdc-stress-drain
  08:44:16,5197.3,0,none,false,0,0,0,0,0,0,39,D/22000110
  08:44:17,DRAIN_SLOT_EMPTY container=apitap-bench-cdc-stress-drain
  08:44:22,5203.2,0,none,false,0,0,0,0,0,0,39,D/22000110
  08:44:22,DRAIN_SLOT_EMPTY container=apitap-bench-cdc-stress-drain
  08:44:28,5209.2,0,none,false,0,0,0,0,0,0,39,D/22000110
  08:44:28,DRAIN_SLOT_EMPTY container=apitap-bench-cdc-stress-drain
  08:44:34,5215.1,0,none,false,0,0,0,0,0,0,39,D/22000110
  08:44:34,DRAIN_SLOT_EMPTY container=apitap-bench-cdc-stress-drain
  08:44:40,5221.1,0,none,false,0,0,0,0,0,0,39,D/22000110
  08:44:40,DRAIN_SLOT_EMPTY container=apitap-bench-cdc-stress-drain
  08:44:46,5227.1,0,none,false,0,0,0,0,0,0,39,D/22000110
  08:44:46,DRAIN_SLOT_EMPTY container=apitap-bench-cdc-stress-drain
  08:44:52,5233.1,0,none,false,0,0,0,0,0,0,39,D/22000110
  08:44:52,DRAIN_SLOT_EMPTY container=apitap-bench-cdc-stress-drain
  08:44:58,5239.3,0,none,false,0,0,0,0,0,0,39,D/22000110
  08:44:59,DRAIN_SLOT_EMPTY container=apitap-bench-cdc-stress-drain
  08:45:05,5245.5,0,none,false,0,0,0,0,0,0,39,D/22000110
  08:45:05,DRAIN_SLOT_EMPTY container=apitap-bench-cdc-stress-drain
  08:45:11,5251.7,0,none,false,0,0,0,0,0,0,39,D/22000110
  08:45:11,DRAIN_SLOT_EMPTY container=apitap-bench-cdc-stress-drain
  08:45:17,5257.8,0,none,false,0,0,0,0,0,0,39,D/22000110
  08:45:17,DRAIN_SLOT_EMPTY container=apitap-bench-cdc-stress-drain
  08:45:23,5264.0,0,none,false,0,0,0,0,0,0,39,D/22000110
  08:45:23,DRAIN_SLOT_EMPTY container=apitap-bench-cdc-stress-drain
  08:45:29,5270.1,0,none,false,0,0,0,0,0,0,39,D/22000110
  08:45:30,DRAIN_SLOT_EMPTY container=apitap-bench-cdc-stress-drain
  08:45:35,5276.3,0,none,false,0,0,0,0,0,0,39,D/22000110
  08:45:36,DRAIN_SLOT_EMPTY container=apitap-bench-cdc-stress-drain
  08:45:42,5282.4,0,none,false,0,0,0,0,0,0,39,D/22000110
  08:45:42,DRAIN_SLOT_EMPTY container=apitap-bench-cdc-stress-drain
  08:45:48,5288.6,0,none,false,0,0,0,0,0,0,39,D/22000110
  08:45:48,DRAIN_SLOT_EMPTY container=apitap-bench-cdc-stress-drain
  08:45:54,5294.9,0,none,false,0,0,0,0,0,0,39,D/22000110
  08:45:54,DRAIN_SLOT_EMPTY container=apitap-bench-cdc-stress-drain
  08:46:00,5300.9,0,none,false,0,0,0,0,0,0,39,D/22000110
  08:46:00,DRAIN_SLOT_EMPTY container=apitap-bench-cdc-stress-drain
  08:46:06,5307.0,0,none,false,0,0,0,0,0,0,39,D/22000110
  08:46:06,DRAIN_SLOT_EMPTY container=apitap-bench-cdc-stress-drain
  08:46:12,5313.1,0,none,false,0,0,0,0,0,0,39,D/22000110
  08:46:12,DRAIN_SLOT_EMPTY container=apitap-bench-cdc-stress-drain
  08:46:18,5319.2,0,none,false,0,0,0,0,0,0,39,D/22000110
  08:46:18,DRAIN_SLOT_EMPTY container=apitap-bench-cdc-stress-drain
  08:46:24,5325.3,0,none,false,0,0,0,0,0,0,39,D/22000110
  08:46:25,DRAIN_SLOT_EMPTY container=apitap-bench-cdc-stress-drain
  08:46:30,5331.2,0,none,false,0,0,0,0,0,0,39,D/22000110
  08:46:30,DRAIN_SLOT_EMPTY container=apitap-bench-cdc-stress-drain
  08:46:36,5337.2,0,none,false,0,0,0,0,0,0,39,D/22000110
  08:46:36,DRAIN_SLOT_EMPTY container=apitap-bench-cdc-stress-drain
  08:46:42,5343.3,0,none,false,0,0,0,0,0,0,39,D/22000110
  08:46:43,DRAIN_SLOT_EMPTY container=apitap-bench-cdc-stress-drain
  08:46:48,5349.3,0,none,false,0,0,0,0,0,0,39,D/22000110
  08:46:49,DRAIN_SLOT_EMPTY container=apitap-bench-cdc-stress-drain
  08:46:54,5355.3,0,none,false,0,0,0,0,0,0,39,D/22000110
  08:46:55,DRAIN_SLOT_EMPTY container=apitap-bench-cdc-stress-drain
  08:47:01,5361.8,0,none,false,0,0,0,0,0,0,39,D/22000110
  08:47:02,DRAIN_SLOT_EMPTY container=apitap-bench-cdc-stress-drain
  08:47:07,5368.3,0,none,false,0,0,0,0,0,0,39,D/22000110
  08:47:08,DRAIN_SLOT_EMPTY container=apitap-bench-cdc-stress-drain
  08:47:14,5374.7,0,none,false,0,0,0,0,0,0,39,D/22000110
  08:47:14,DRAIN_SLOT_EMPTY container=apitap-bench-cdc-stress-drain
  08:47:20,5380.7,0,none,false,0,0,0,0,0,0,39,D/22000110
  08:47:20,DRAIN_SLOT_EMPTY container=apitap-bench-cdc-stress-drain
  08:47:26,5386.7,0,none,false,0,0,0,0,0,0,39,D/22000110
  08:47:26,DRAIN_SLOT_EMPTY container=apitap-bench-cdc-stress-drain
  08:47:32,5392.9,0,none,false,0,0,0,0,0,0,39,D/22000110
  08:47:32,DRAIN_SLOT_EMPTY container=apitap-bench-cdc-stress-drain
  08:47:38,5398.9,0,none,false,0,0,0,0,0,0,39,D/22000110
  08:47:38,DRAIN_SLOT_EMPTY container=apitap-bench-cdc-stress-drain
  08:47:44,5405.1,0,none,false,0,0,0,0,0,0,39,D/22000110
  08:47:44,DRAIN_SLOT_EMPTY container=apitap-bench-cdc-stress-drain
  08:47:50,5411.1,0,none,false,0,0,0,0,0,0,39,D/22000110
  08:47:50,DRAIN_SLOT_EMPTY container=apitap-bench-cdc-stress-drain
  08:47:56,5417.2,0,none,false,0,0,0,0,0,0,39,D/30B34000
  08:47:56,DRAIN_SLOT_EMPTY container=apitap-bench-cdc-stress-drain
  08:48:03,5423.5,0,none,false,0,0,0,0,0,0,39,D/37C88000
  08:48:03,DRAIN_SLOT_EMPTY container=apitap-bench-cdc-stress-drain
  08:48:09,5429.6,0,none,false,0,0,0,0,0,0,39,D/383FDD28
  08:48:09,DRAIN_SLOT_EMPTY container=apitap-bench-cdc-stress-drain
  08:48:15,5435.7,0,none,false,0,0,0,0,0,0,39,D/38B18408
  08:48:15,DRAIN_SLOT_EMPTY container=apitap-bench-cdc-stress-drain
  08:48:21,5441.8,0,none,false,0,0,0,0,0,0,39,D/391DE168
  08:48:21,DRAIN_SLOT_EMPTY container=apitap-bench-cdc-stress-drain
  08:48:27,5447.8,0,none,false,0,0,0,0,0,0,39,D/3C354000
  08:48:27,DRAIN_SLOT_EMPTY container=apitap-bench-cdc-stress-drain
  08:48:33,5453.9,0,none,false,0,0,0,0,0,0,39,D/4F3702B8
  08:48:33,DRAIN_SLOT_EMPTY container=apitap-bench-cdc-stress-drain
  08:48:39,5460.0,0,none,false,0,0,0,0,0,0,39,D/62168000
  08:48:39,DRAIN_SLOT_EMPTY container=apitap-bench-cdc-stress-drain
  08:48:45,5466.0,0,none,false,0,0,0,0,0,0,38,D/7A18EA60
  08:48:45,DRAIN_SLOT_EMPTY container=apitap-bench-cdc-stress-drain
  08:48:51,5472.0,0,none,false,0,0,0,0,0,0,39,D/7A19C000
  08:48:51,DRAIN_SLOT_EMPTY container=apitap-bench-cdc-stress-drain
  08:48:57,5478.1,0,none,false,0,0,0,0,0,0,39,D/7A19EE58
  08:48:57,DRAIN_SLOT_EMPTY container=apitap-bench-cdc-stress-drain
  08:49:03,5484.1,0,none,false,0,0,0,0,0,0,39,D/7A19EE58
  08:49:03,DRAIN_SLOT_EMPTY container=apitap-bench-cdc-stress-drain
  08:49:09,5490.2,0,none,false,0,0,0,0,0,0,39,D/7A19EE58
  08:49:09,DRAIN_SLOT_EMPTY container=apitap-bench-cdc-stress-drain
  08:49:15,5496.3,0,none,false,0,0,0,0,0,0,39,D/7A19EE58
  08:49:16,DRAIN_SLOT_EMPTY container=apitap-bench-cdc-stress-drain
  08:49:21,5502.4,0,none,false,0,0,0,0,0,0,39,D/7A19EE58
  08:49:22,DRAIN_SLOT_EMPTY container=apitap-bench-cdc-stress-drain
  08:49:28,5508.5,0,none,false,0,0,0,0,0,0,39,D/7A19EE58
  08:49:28,DRAIN_SLOT_EMPTY container=apitap-bench-cdc-stress-drain
  08:49:34,5514.8,0,none,false,0,0,0,0,0,0,39,D/7A19EE58
  08:49:34,DRAIN_SLOT_EMPTY container=apitap-bench-cdc-stress-drain
  08:49:40,5520.8,0,none,false,0,0,0,0,0,0,39,D/7A19EE58
  08:49:40,DRAIN_SLOT_EMPTY container=apitap-bench-cdc-stress-drain
  08:49:46,5527.1,0,none,false,0,0,0,0,0,0,39,D/7A1B39C8
  08:49:46,DRAIN_SLOT_EMPTY container=apitap-bench-cdc-stress-drain
  08:49:52,5533.1,0,none,false,0,0,0,0,0,0,39,D/7A1B39C8
  08:49:52,DRAIN_SLOT_EMPTY container=apitap-bench-cdc-stress-drain
  08:49:58,5539.2,0,none,false,0,0,0,0,0,0,39,D/7A1B39C8
  08:49:58,DRAIN_SLOT_EMPTY container=apitap-bench-cdc-stress-drain
  08:50:04,5545.3,0,none,false,0,0,0,0,0,0,39,D/7A1B39C8
  08:50:05,DRAIN_SLOT_EMPTY container=apitap-bench-cdc-stress-drain
  08:50:10,5551.4,0,none,false,0,0,0,0,0,0,39,D/7A1B39C8
  08:50:11,DRAIN_SLOT_EMPTY container=apitap-bench-cdc-stress-drain
  08:50:16,5557.4,0,none,false,0,0,0,0,0,0,39,D/7A1B39C8
  08:50:17,DRAIN_SLOT_EMPTY container=apitap-bench-cdc-stress-drain
  08:50:22,5563.4,0,none,false,0,0,0,0,0,0,39,D/7A1B39C8
  08:50:23,DRAIN_SLOT_EMPTY container=apitap-bench-cdc-stress-drain
  08:50:29,5569.5,0,none,false,0,0,0,0,0,0,39,D/7A1B39C8
  08:50:29,DRAIN_SLOT_EMPTY container=apitap-bench-cdc-stress-drain
  08:50:35,5575.8,0,none,false,0,0,0,0,0,0,39,D/7A1B39C8
  08:50:35,DRAIN_SLOT_EMPTY container=apitap-bench-cdc-stress-drain
  08:50:41,5582.1,0,none,false,0,0,0,0,0,0,39,D/7A1B39C8
  08:50:41,DRAIN_SLOT_EMPTY container=apitap-bench-cdc-stress-drain
  08:50:47,5588.1,0,none,false,0,0,0,0,0,0,39,D/7A1B39C8
  08:50:48,DRAIN_SLOT_EMPTY container=apitap-bench-cdc-stress-drain
  08:50:54,5594.6,0,none,false,0,0,0,0,0,0,39,D/7A1B39C8
  08:50:54,DRAIN_SLOT_EMPTY container=apitap-bench-cdc-stress-drain
  08:51:00,5600.8,0,none,false,0,0,0,0,0,0,39,D/7A1B39C8
  08:51:00,DRAIN_SLOT_EMPTY container=apitap-bench-cdc-stress-drain
  08:51:06,5607.2,0,none,false,0,0,0,0,0,0,39,D/7A1B39C8
  08:51:06,DRAIN_SLOT_EMPTY container=apitap-bench-cdc-stress-drain
  08:51:12,5613.4,0,none,false,0,0,0,0,0,0,39,D/7A1B39C8
  08:51:13,DRAIN_SLOT_EMPTY container=apitap-bench-cdc-stress-drain
  08:51:19,5619.5,0,none,false,0,0,0,0,0,0,39,D/7A1B39C8
  08:51:19,DRAIN_SLOT_EMPTY container=apitap-bench-cdc-stress-drain
  08:51:25,5625.8,0,none,false,0,0,0,0,0,0,39,D/7A1B39C8
  08:51:25,DRAIN_SLOT_EMPTY container=apitap-bench-cdc-stress-drain
  08:51:31,5631.8,0,none,false,0,0,0,0,0,0,39,D/7A1B39C8
  08:51:31,DRAIN_SLOT_EMPTY container=apitap-bench-cdc-stress-drain
  08:51:37,5637.9,0,none,false,0,0,0,0,0,0,39,D/7A1B39C8
  08:51:37,DRAIN_SLOT_EMPTY container=apitap-bench-cdc-stress-drain
  08:51:43,5644.1,0,none,false,0,0,0,0,0,0,39,D/7A1B39C8
  08:51:43,DRAIN_SLOT_EMPTY container=apitap-bench-cdc-stress-drain
  08:51:49,5650.1,0,none,false,0,0,0,0,0,0,39,D/7A1B39C8
  08:51:49,DRAIN_SLOT_EMPTY container=apitap-bench-cdc-stress-drain
  08:51:55,5656.2,0,none,false,0,0,0,0,0,0,39,D/7A1B39C8
  08:51:56,DRAIN_SLOT_EMPTY container=apitap-bench-cdc-stress-drain
  08:52:02,5662.7,0,none,false,0,0,0,0,0,0,39,D/7A1B39C8
  08:52:02,DRAIN_SLOT_EMPTY container=apitap-bench-cdc-stress-drain
  08:52:08,5668.8,0,none,false,0,0,0,0,0,0,39,D/7A1B39C8
  08:52:08,DRAIN_SLOT_EMPTY container=apitap-bench-cdc-stress-drain
  08:52:14,5674.8,0,none,false,0,0,0,0,0,0,39,D/7A1B39C8
  08:52:14,DRAIN_SLOT_EMPTY container=apitap-bench-cdc-stress-drain
  08:52:20,5681.1,0,none,false,0,0,0,0,0,0,39,D/7A1B39C8
  08:52:20,DRAIN_SLOT_EMPTY container=apitap-bench-cdc-stress-drain
  08:52:26,5687.0,0,none,false,0,0,0,0,0,0,39,D/7A1B39C8
  08:52:26,DRAIN_SLOT_EMPTY container=apitap-bench-cdc-stress-drain
  08:52:32,5693.1,0,none,false,0,0,0,0,0,0,39,D/7A1B39C8
  08:52:32,DRAIN_SLOT_EMPTY container=apitap-bench-cdc-stress-drain
  08:52:38,5699.2,0,none,false,0,0,0,0,0,0,39,D/7A1B39C8
  08:52:38,DRAIN_SLOT_EMPTY container=apitap-bench-cdc-stress-drain
  08:52:44,5705.1,0,none,false,0,0,0,0,0,0,39,D/7A1B39C8
  08:52:44,DRAIN_SLOT_EMPTY container=apitap-bench-cdc-stress-drain
  08:52:50,5711.1,0,none,false,0,0,0,0,0,0,39,D/7A1B39C8
  08:52:50,DRAIN_SLOT_EMPTY container=apitap-bench-cdc-stress-drain
  08:52:56,5717.1,0,none,false,0,0,0,0,0,0,39,D/7A1B39C8
  08:52:56,DRAIN_SLOT_EMPTY container=apitap-bench-cdc-stress-drain
  08:53:02,5723.1,0,none,false,0,0,0,0,0,0,39,D/7A1B39C8
  08:53:02,DRAIN_SLOT_EMPTY container=apitap-bench-cdc-stress-drain
  08:53:08,5729.1,0,none,false,0,0,0,0,0,0,39,D/7A1B39C8
  08:53:08,DRAIN_SLOT_EMPTY container=apitap-bench-cdc-stress-drain
  08:53:14,5735.1,0,none,false,0,0,0,0,0,0,39,D/7A1B3AB0
  08:53:14,DRAIN_SLOT_EMPTY container=apitap-bench-cdc-stress-drain
  08:53:20,5741.1,0,none,false,0,0,0,0,0,0,39,D/7A1B3AB0
  08:53:20,DRAIN_SLOT_EMPTY container=apitap-bench-cdc-stress-drain
  08:53:26,5747.2,0,none,false,0,0,0,0,0,0,39,D/7A1B3AB0
  08:53:26,DRAIN_SLOT_EMPTY container=apitap-bench-cdc-stress-drain
  08:53:32,5753.2,0,none,false,0,0,0,0,0,0,39,D/7A1B3AB0
  08:53:33,DRAIN_SLOT_EMPTY container=apitap-bench-cdc-stress-drain
  08:53:38,5759.4,0,none,false,0,0,0,0,0,0,39,D/7A1B3AB0
  08:53:39,DRAIN_SLOT_EMPTY container=apitap-bench-cdc-stress-drain
  08:53:44,5765.4,0,none,false,0,0,0,0,0,0,39,D/7A1B3AB0
  08:53:45,DRAIN_SLOT_EMPTY container=apitap-bench-cdc-stress-drain
  08:53:50,5771.3,0,none,false,0,0,0,0,0,0,39,D/7A1B3AB0
  08:53:51,DRAIN_SLOT_EMPTY container=apitap-bench-cdc-stress-drain
  08:53:56,5777.4,0,none,false,0,0,0,0,0,0,39,D/7A1B3AB0
  08:53:57,DRAIN_SLOT_EMPTY container=apitap-bench-cdc-stress-drain
  08:54:03,5783.5,0,none,false,0,0,0,0,0,0,39,D/7A1B3AB0
  08:54:03,DRAIN_SLOT_EMPTY container=apitap-bench-cdc-stress-drain
  08:54:09,5789.7,0,none,false,0,0,0,0,0,0,39,D/7A1B3AB0
  08:54:09,DRAIN_SLOT_EMPTY container=apitap-bench-cdc-stress-drain
  08:54:15,5795.7,0,none,false,0,0,0,0,0,0,39,D/7A1B3AB0
  08:54:15,DRAIN_SLOT_EMPTY container=apitap-bench-cdc-stress-drain
  08:54:21,5801.8,0,none,false,0,0,0,0,0,0,39,D/7A1B3AB0
  08:54:21,DRAIN_SLOT_EMPTY container=apitap-bench-cdc-stress-drain
  08:54:27,5807.8,0,none,false,0,0,0,0,0,0,39,D/7A1B3AB0
  08:54:27,DRAIN_SLOT_EMPTY container=apitap-bench-cdc-stress-drain
  08:54:33,5813.7,0,none,false,0,0,0,0,0,0,39,D/7A1B3AB0
  08:54:33,DRAIN_SLOT_EMPTY container=apitap-bench-cdc-stress-drain
  08:54:39,5819.7,0,none,false,0,0,0,0,0,0,39,D/7A1B3AB0
  08:54:39,DRAIN_SLOT_EMPTY container=apitap-bench-cdc-stress-drain
  08:54:45,5825.7,0,none,false,0,0,0,0,0,0,39,D/7A1B3AB0
  08:54:45,DRAIN_SLOT_EMPTY container=apitap-bench-cdc-stress-drain
  08:54:51,5831.6,0,none,false,0,0,0,0,0,0,39,D/7A1B3AB0
  08:54:51,DRAIN_SLOT_EMPTY container=apitap-bench-cdc-stress-drain
  08:54:57,5837.7,0,none,false,0,0,0,0,0,0,39,D/7A1B3AB0
  08:54:57,DRAIN_SLOT_EMPTY container=apitap-bench-cdc-stress-drain
  08:55:03,5843.8,0,none,false,0,0,0,0,0,0,39,D/7A1B3AB0
  08:55:03,DRAIN_SLOT_EMPTY container=apitap-bench-cdc-stress-drain
  08:55:09,5849.8,0,none,false,0,0,0,0,0,0,39,D/7A1B3AB0
  08:55:09,DRAIN_SLOT_EMPTY container=apitap-bench-cdc-stress-drain
  08:55:15,5855.9,0,none,false,0,0,0,0,0,0,39,D/7A1B3AB0
  08:55:15,DRAIN_SLOT_EMPTY container=apitap-bench-cdc-stress-drain
  08:55:21,5861.9,0,none,false,0,0,0,0,0,0,39,D/7A1B3AB0
  08:55:21,DRAIN_SLOT_EMPTY container=apitap-bench-cdc-stress-drain
  08:55:27,5867.8,0,none,false,0,0,0,0,0,0,39,D/7A1B3AB0
  08:55:27,DRAIN_SLOT_EMPTY container=apitap-bench-cdc-stress-drain
  08:55:33,5874.1,0,none,false,0,0,0,0,0,0,39,D/7A1B3AB0
  08:55:33,DRAIN_SLOT_EMPTY container=apitap-bench-cdc-stress-drain
  08:55:39,5880.1,0,none,false,0,0,0,0,0,0,39,D/7A1B3AB0
  08:55:39,DRAIN_SLOT_EMPTY container=apitap-bench-cdc-stress-drain
  08:55:45,5886.2,0,none,false,0,0,0,0,0,0,39,D/7A1B3AB0
  08:55:45,DRAIN_SLOT_EMPTY container=apitap-bench-cdc-stress-drain
  08:55:51,5892.1,0,none,false,0,0,0,0,0,0,39,D/7A1B3AB0
  08:55:51,DRAIN_SLOT_EMPTY container=apitap-bench-cdc-stress-drain
  08:55:57,5898.1,0,none,false,0,0,0,0,0,0,39,D/7A1B3AB0
  08:55:58,DRAIN_SLOT_EMPTY container=apitap-bench-cdc-stress-drain
  08:56:03,5904.2,0,none,false,0,0,0,0,0,0,39,D/7A1B3AB0
  08:56:03,DRAIN_SLOT_EMPTY container=apitap-bench-cdc-stress-drain
  08:56:09,5910.2,0,none,false,0,0,0,0,0,0,39,D/7A1B3AB0
  08:56:09,DRAIN_SLOT_EMPTY container=apitap-bench-cdc-stress-drain
  08:56:15,5916.2,0,none,false,0,0,0,0,0,0,39,D/7A1B3AB0
  08:56:16,DRAIN_SLOT_EMPTY container=apitap-bench-cdc-stress-drain
  08:56:21,5922.2,0,none,false,0,0,0,0,0,0,39,D/7A1B3AB0
  08:56:22,DRAIN_SLOT_EMPTY container=apitap-bench-cdc-stress-drain
  08:56:27,5928.2,0,none,false,0,0,0,0,0,0,39,D/7A1B3AB0
  08:56:28,DRAIN_SLOT_EMPTY container=apitap-bench-cdc-stress-drain
  08:56:33,5934.3,0,none,false,0,0,0,0,0,0,39,D/7A1B3AB0
  08:56:34,DRAIN_SLOT_EMPTY container=apitap-bench-cdc-stress-drain
  08:56:39,5940.4,0,none,false,0,0,0,0,0,0,39,D/7A1B3AB0
  08:56:40,DRAIN_SLOT_EMPTY container=apitap-bench-cdc-stress-drain
  08:56:46,5946.5,0,none,false,0,0,0,0,0,0,39,D/7A1B3AB0
  08:56:46,DRAIN_SLOT_EMPTY container=apitap-bench-cdc-stress-drain
  08:56:52,5952.5,0,none,false,0,0,0,0,0,0,39,D/7A1B3AB0
  08:56:52,DRAIN_SLOT_EMPTY container=apitap-bench-cdc-stress-drain
  08:56:58,5958.7,0,none,false,0,0,0,0,0,0,39,D/7A1B3AB0
  08:56:58,DRAIN_SLOT_EMPTY container=apitap-bench-cdc-stress-drain
  08:57:04,5964.8,0,none,false,0,0,0,0,0,0,39,D/7A1B3AB0
  08:57:04,DRAIN_SLOT_EMPTY container=apitap-bench-cdc-stress-drain
  08:57:10,5970.8,0,none,false,0,0,0,0,0,0,39,D/7A1B3AB0
  08:57:10,DRAIN_SLOT_EMPTY container=apitap-bench-cdc-stress-drain
  08:57:16,5976.9,0,none,false,0,0,0,0,0,0,39,D/7A1B3AB0
  08:57:16,DRAIN_SLOT_EMPTY container=apitap-bench-cdc-stress-drain
  08:57:22,5983.0,0,none,false,0,0,0,0,0,0,39,D/7A1B3AB0
  08:57:22,DRAIN_SLOT_EMPTY container=apitap-bench-cdc-stress-drain
  08:57:28,5989.0,0,none,false,0,0,0,0,0,0,39,D/7A1B3AB0
  08:57:28,DRAIN_SLOT_EMPTY container=apitap-bench-cdc-stress-drain
  08:57:34,5995.1,0,none,false,0,0,0,0,0,0,39,D/7A1B3AB0
  08:57:34,DRAIN_SLOT_EMPTY container=apitap-bench-cdc-stress-drain
  08:57:40,6001.2,0,none,false,0,0,0,0,0,0,39,D/7A1B3AB0
  08:57:40,DRAIN_SLOT_EMPTY container=apitap-bench-cdc-stress-drain
  08:57:46,6007.1,0,none,false,0,0,0,0,0,0,39,D/7A1B3AB0
  08:57:46,DRAIN_SLOT_EMPTY container=apitap-bench-cdc-stress-drain
  08:57:52,6013.1,0,none,false,0,0,0,0,0,0,39,D/7A1B3AB0
  08:57:52,DRAIN_SLOT_EMPTY container=apitap-bench-cdc-stress-drain
  08:57:58,6019.1,0,none,false,0,0,0,0,0,0,39,D/7A1B3AB0
  08:57:58,DRAIN_SLOT_EMPTY container=apitap-bench-cdc-stress-drain
  08:58:04,6025.1,0,none,false,0,0,0,0,0,0,39,D/7A1B3AB0
  08:58:04,DRAIN_SLOT_EMPTY container=apitap-bench-cdc-stress-drain
  08:58:10,6031.1,0,none,false,0,0,0,0,0,0,39,D/7A1B3AB0
  08:58:10,DRAIN_SLOT_EMPTY container=apitap-bench-cdc-stress-drain
  08:58:16,6037.1,0,none,false,0,0,0,0,0,0,39,D/7A1B3AB0
  08:58:16,DRAIN_SLOT_EMPTY container=apitap-bench-cdc-stress-drain
  08:58:22,6043.2,0,none,false,0,0,0,0,0,0,39,D/7A1B3AB0
  08:58:22,DRAIN_SLOT_EMPTY container=apitap-bench-cdc-stress-drain
  08:58:28,6049.1,0,none,false,0,0,0,0,0,0,39,D/7A1B3AB0
  08:58:28,DRAIN_SLOT_EMPTY container=apitap-bench-cdc-stress-drain
  08:58:34,6055.2,0,none,false,0,0,0,0,0,0,39,D/7A1B3AB0
  08:58:34,DRAIN_SLOT_EMPTY container=apitap-bench-cdc-stress-drain
  08:58:40,6061.2,0,none,false,0,0,0,0,0,0,39,D/7A1B3AB0
  08:58:41,DRAIN_SLOT_EMPTY container=apitap-bench-cdc-stress-drain
  08:58:46,6067.4,0,none,false,0,0,0,0,0,0,39,D/7A1B3AB0
  08:58:47,DRAIN_SLOT_EMPTY container=apitap-bench-cdc-stress-drain
  08:58:52,6073.4,0,none,false,0,0,0,0,0,0,39,D/7A1B3AB0
  08:58:53,DRAIN_SLOT_EMPTY container=apitap-bench-cdc-stress-drain
  08:58:59,6079.6,0,none,false,0,0,0,0,0,0,39,D/7A1B3AB0
  08:58:59,DRAIN_SLOT_EMPTY container=apitap-bench-cdc-stress-drain
  08:59:05,6085.7,0,none,false,0,0,0,0,0,0,39,D/7A1B3AB0
  08:59:05,DRAIN_SLOT_EMPTY container=apitap-bench-cdc-stress-drain
  08:59:11,6091.7,0,none,false,0,0,0,0,0,0,39,D/7A1B3AB0
  08:59:11,DRAIN_SLOT_EMPTY container=apitap-bench-cdc-stress-drain
  08:59:17,6097.9,0,none,false,0,0,0,0,0,0,39,D/7A1B3AB0
  08:59:17,DRAIN_SLOT_EMPTY container=apitap-bench-cdc-stress-drain
  08:59:23,6103.8,0,none,false,0,0,0,0,0,0,39,D/7A1B3AB0
  08:59:23,DRAIN_SLOT_EMPTY container=apitap-bench-cdc-stress-drain
  08:59:29,6109.9,0,none,false,0,0,0,0,0,0,39,D/7A1B3AB0
  08:59:29,DRAIN_SLOT_EMPTY container=apitap-bench-cdc-stress-drain
  08:59:35,6116.0,0,none,false,0,0,0,0,0,0,39,D/7A1B3AB0
  08:59:35,DRAIN_SLOT_EMPTY container=apitap-bench-cdc-stress-drain
  08:59:41,6122.0,0,none,false,0,0,0,0,0,0,39,D/7A1B3AB0
  08:59:41,DRAIN_SLOT_EMPTY container=apitap-bench-cdc-stress-drain
  08:59:47,6128.1,0,none,false,0,0,0,0,0,0,39,D/7A1B3AB0
  08:59:47,DRAIN_SLOT_EMPTY container=apitap-bench-cdc-stress-drain
  08:59:53,6134.1,0,none,false,0,0,0,0,0,0,39,D/7A1B3AB0
  08:59:53,DRAIN_SLOT_EMPTY container=apitap-bench-cdc-stress-drain
  08:59:59,6140.2,0,none,false,0,0,0,0,0,0,39,D/7A1B3AB0
  09:00:00,DRAIN_SLOT_EMPTY container=apitap-bench-cdc-stress-drain
  09:00:05,6146.4,0,none,false,0,0,0,0,0,0,39,D/7A1B3AB0
  09:00:06,DRAIN_SLOT_EMPTY container=apitap-bench-cdc-stress-drain
  09:00:11,6152.4,0,none,false,0,0,0,0,0,0,39,D/7A1B3AB0
  09:00:12,DRAIN_SLOT_EMPTY container=apitap-bench-cdc-stress-drain
  09:00:18,6158.4,0,none,false,0,0,0,0,0,0,39,D/7A1B3AB0
  09:00:18,DRAIN_SLOT_EMPTY container=apitap-bench-cdc-stress-drain
  09:00:24,6164.5,0,none,false,0,0,0,0,0,0,39,D/7A1B3AB0
  09:00:24,DRAIN_SLOT_EMPTY container=apitap-bench-cdc-stress-drain
  09:00:30,6170.7,0,none,false,0,0,0,0,0,0,39,D/7A1B3AB0
  09:00:30,DRAIN_SLOT_EMPTY container=apitap-bench-cdc-stress-drain
  09:00:36,6176.9,0,none,false,0,0,0,0,0,0,39,D/7A1B3AB0
  09:00:36,DRAIN_SLOT_EMPTY container=apitap-bench-cdc-stress-drain
  09:00:42,6182.9,0,none,false,0,0,0,0,0,0,39,D/7A1B3AB0
  09:00:42,DRAIN_SLOT_EMPTY container=apitap-bench-cdc-stress-drain
  09:00:48,6189.0,0,none,false,0,0,0,0,0,0,39,D/7A1B3AB0
  09:00:48,DRAIN_SLOT_EMPTY container=apitap-bench-cdc-stress-drain
  09:00:54,6195.0,0,none,false,0,0,0,0,0,0,39,D/7A1B3AB0
  09:00:54,DRAIN_SLOT_EMPTY container=apitap-bench-cdc-stress-drain
  09:01:00,6201.1,0,none,false,0,0,0,0,0,0,39,D/7A1B3AB0
  09:01:01,DRAIN_SLOT_EMPTY container=apitap-bench-cdc-stress-drain
  09:01:06,6207.4,0,none,false,0,0,0,0,0,0,39,D/7A1B3AB0
  09:01:07,DRAIN_SLOT_EMPTY container=apitap-bench-cdc-stress-drain
  09:01:12,6213.4,0,none,false,0,0,0,0,0,0,39,D/7A1B3AB0
  09:01:13,DRAIN_SLOT_EMPTY container=apitap-bench-cdc-stress-drain

  --- the drain's own log in full: this is where the ceiling speaks ---
  APITAP_VERSION 0.57.0
  APITAP_SO_MD5 41e9f7c252d3e1eb5403b70f87bf5435
  APITAP_TABLES 30
  2026-10-04T06:27:37Z apitap slot.wal slot=apitap_g25786459cc6 retained_bytes=9010816 warn_at_bytes=4294967296 over_threshold=false
  2026-10-04T06:27:37Z apitap note=slot apitap_g25786459cc6 retains 9 MB of WAL
  2026-10-04T06:27:41Z apitap done table=cdc_pg_t01 changes=0 bytes=0 changes_per_s=0 bytes_per_s=0 elapsed_s=5.7 tables=0/30
  DRAIN pass=1 rows=0 wall_s=5.686 budget=1 tables_reporting=30 fd_now=4 fd_peak=12
    per_table_rows cdc_pg_t01=0 cdc_pg_t02=0 cdc_pg_t03=0 cdc_pg_t04=0 cdc_pg_t05=0 cdc_pg_t06=0 cdc_pg_t07=0 cdc_pg_t08=0 cdc_pg_t09=0 cdc_pg_t10=0 cdc_pg_t11=0 cdc_pg_t12=0 cdc_pg_t13=0 cdc_pg_t14=0 cdc_pg_t15=0 cdc_pg_t16=0 cdc_pg_t17=0 cdc_pg_t18=0 cdc_pg_t19=0 cdc_pg_t20=0 cdc_pg_t21=0 cdc_pg_t22=0 cdc_pg_t23=0 cdc_pg_t24=0 cdc_pg_t25=0 cdc_pg_t26=0 cdc_pg_t27=0 cdc_pg_t28=0 cdc_pg_t29=0 cdc_pg_t30=0
    per_table_nonzero 0 of 30  sum=0
  FDCOUNT pass=1 before=4
  FDCOUNT pass=1 after=4
  IMPORT_S 0.656
  ELAPSED 5.686
  MODE drain
  FD_PEAK 12
  FD_END 4
  MEMPEAK=42606592
  MEMSTAT=anon 401408 file 1183744 shmem 0 
  MEMEVENTS=high 0 max 0 oom 0 oom_kill 0 
  EXITCODE 0

===== 8b. LEG 2, the same rate with no early SIGTERM — the confound control ---
  LEG 1's drain slice was cut at 30 s; if the zero applied were an artefact of
  that, LEG 2 (a 600 s slice, no early SIGTERM) would have applied something.
  LEG apitap tag=bootstrap mode=catchup
    stopped_by completed
    wall_container_s 172.5
    cgroup_memory_peak_mb 60.3
    DRAIN pass=1 rows=31083000 wall_s=170.624 budget=8 tables_reporting=30 fd_now=4 fd_peak=30
    MEMPEAK=63201280
    EXITCODE 0

===== 9. the applied-prefix check and ITS control
  == the drain's final watermark: 55319271624 ==
    applied_changes cdc_pg_t01 6000
    applied_changes cdc_pg_t02 6000
    applied_changes cdc_pg_t03 6000
    applied_changes cdc_pg_t04 6000
    applied_changes cdc_pg_t05 6000
    applied_changes cdc_pg_t06 6000
    applied_changes cdc_pg_t07 6000
    applied_changes cdc_pg_t08 6000
    applied_changes cdc_pg_t09 6000
    applied_changes cdc_pg_t10 6000
    applied_changes cdc_pg_t11 6000
    applied_changes cdc_pg_t12 6000
    applied_changes cdc_pg_t13 6000
    applied_changes cdc_pg_t14 6000
    applied_changes cdc_pg_t15 6000
    applied_changes cdc_pg_t16 6000
    applied_changes cdc_pg_t17 6000
    applied_changes cdc_pg_t18 6000
    applied_changes cdc_pg_t19 6000
    applied_changes cdc_pg_t20 6000
    applied_changes cdc_pg_t21 6000
    applied_changes cdc_pg_t22 6000
    applied_changes cdc_pg_t23 6000
    applied_changes cdc_pg_t24 6000
    applied_changes cdc_pg_t25 6000
    applied_changes cdc_pg_t26 6000
    applied_changes cdc_pg_t27 6000
    applied_changes cdc_pg_t28 6000
    applied_changes cdc_pg_t29 6000
    applied_changes cdc_pg_t30 6000
    ledger_txns cdc_pg_t01 120
    ledger_txns cdc_pg_t02 120
    ledger_txns cdc_pg_t03 120
  # cdc_pg_t01: drain applied 6 of the source's 120 transactions, undo 114
  # cdc_pg_t02: drain applied 6 of the source's 120 transactions, undo 114
  # cdc_pg_t03: drain applied 6 of the source's 120 transactions, undo 114
  # cdc_pg_t04: drain applied 6 of the source's 120 transactions, undo 114
  # cdc_pg_t05: drain applied 6 of the source's 120 transactions, undo 114
  # cdc_pg_t06: drain applied 6 of the source's 120 transactions, undo 114
  # cdc_pg_t07: drain applied 6 of the source's 120 transactions, undo 114
  # cdc_pg_t08: drain applied 6 of the source's 120 transactions, undo 114
  # cdc_pg_t09: drain applied 6 of the source's 120 transactions, undo 114
  # cdc_pg_t10: drain applied 6 of the source's 120 transactions, undo 114
  # cdc_pg_t11: drain applied 6 of the source's 120 transactions, undo 114
  # cdc_pg_t12: drain applied 6 of the source's 120 transactions, undo 114
  # cdc_pg_t13: drain applied 6 of the source's 120 transactions, undo 114
  # cdc_pg_t14: drain applied 6 of the source's 120 transactions, undo 114
  # cdc_pg_t15: drain applied 6 of the source's 120 transactions, undo 114
  # cdc_pg_t16: drain applied 6 of the source's 120 transactions, undo 114
  # cdc_pg_t17: drain applied 6 of the source's 120 transactions, undo 114
  # cdc_pg_t18: drain applied 6 of the source's 120 transactions, undo 114
  # cdc_pg_t19: drain applied 6 of the source's 120 transactions, undo 114
  # cdc_pg_t20: drain applied 6 of the source's 120 transactions, undo 114
  # cdc_pg_t21: drain applied 6 of the source's 120 transactions, undo 114
  # cdc_pg_t22: drain applied 6 of the source's 120 transactions, undo 114
  # cdc_pg_t23: drain applied 6 of the source's 120 transactions, undo 114
  # cdc_pg_t24: drain applied 6 of the source's 120 transactions, undo 114
  # cdc_pg_t25: drain applied 6 of the source's 120 transactions, undo 114
  # cdc_pg_t26: drain applied 6 of the source's 120 transactions, undo 114
  # cdc_pg_t27: drain applied 6 of the source's 120 transactions, undo 114
  # cdc_pg_t28: drain applied 6 of the source's 120 transactions, undo 114
  # cdc_pg_t29: drain applied 6 of the source's 120 transactions, undo 114
  # cdc_pg_t30: drain applied 6 of the source's 120 transactions, undo 114
  PREFIX_MATCH cdc_pg_t01 rows=1036100 1036100|2225388541816862|1|40100099|32813408|33155200|38873392|10681|13116|12483|11641
  PREFIX_MATCH cdc_pg_t02 rows=1036100 1036100|2225665811635213|1|40200099|32813376|33155200|38873392|10682|13116|12483|11641
  PREFIX_MATCH cdc_pg_t03 rows=1036100 1036100|2225662498033180|1|40300099|32813408|33155200|38873430|10681|13115|12483|11642
  PREFIX_MATCH cdc_pg_t04 rows=1036100 1036100|2225512353736918|1|40400099|32813408|33155200|38873430|10681|13115|12484|11641
  PREFIX_MATCH cdc_pg_t05 rows=1036100 1036100|2225368591312784|1|40500099|32813408|33155200|38873430|10681|13115|12484|11641
  PREFIX_MATCH cdc_pg_t06 rows=1036100 1036100|2225561816467802|1|40600099|32813408|33155200|38873430|10681|13115|12483|11641
  PREFIX_MATCH cdc_pg_t07 rows=1036100 1036100|2225382017340227|1|40700099|32813408|33155200|38873392|10681|13116|12483|11641
  PREFIX_MATCH cdc_pg_t08 rows=1036100 1036100|2225562269470269|1|40800099|32813408|33155200|38873430|10681|13115|12483|11642
  PREFIX_MATCH cdc_pg_t09 rows=1036100 1036100|2225425687322170|1|40900099|32813408|33155200|38873430|10681|13115|12483|11641
  PREFIX_MATCH cdc_pg_t10 rows=1036100 1036100|2225611199338304|1|41000099|32813408|33155200|38873430|10681|13115|12484|11641
  PREFIX_MATCH cdc_pg_t11 rows=1036100 1036100|2225539654382169|1|41100099|32813408|33155200|38873430|10681|13115|12483|11641
  PREFIX_MATCH cdc_pg_t12 rows=1036100 1036100|2225480858604848|1|41200099|32813408|33155200|38873392|10681|13116|12483|11641
  PREFIX_MATCH cdc_pg_t13 rows=1036100 1036100|2225390229290834|1|41300099|32813408|33155200|38873392|10681|13116|12483|11642
  PREFIX_MATCH cdc_pg_t14 rows=1036100 1036100|2225404919462844|1|41400099|32813408|33155200|38873430|10681|13115|12483|11641
  PREFIX_MATCH cdc_pg_t15 rows=1036100 1036100|2225467587632909|1|41500099|32813408|33155200|38873430|10681|13115|12484|11641
  PREFIX_MATCH cdc_pg_t16 rows=1036100 1036100|2225323650353898|1|41600099|32813376|33155200|38873430|10682|13115|12484|11641
  PREFIX_MATCH cdc_pg_t17 rows=1036100 1036100|2225316104218500|1|41700099|32813408|33155200|38873430|10681|13115|12483|11641
  PREFIX_MATCH cdc_pg_t18 rows=1036100 1036100|2225392838577826|1|41800099|32813408|33155200|38873392|10681|13116|12483|11642
  PREFIX_MATCH cdc_pg_t19 rows=1036100 1036100|2225396784379375|1|41900099|32813408|33155200|38873392|10681|13116|12483|11641
  PREFIX_MATCH cdc_pg_t20 rows=1036100 1036100|2225562780403631|1|42000099|32813408|33155200|38873430|10681|13115|12483|11641
  PREFIX_MATCH cdc_pg_t21 rows=1036100 1036100|2225257161140264|1|42100099|32813408|33155200|38873430|10681|13115|12484|11641
  PREFIX_MATCH cdc_pg_t22 rows=1036100 1036100|2225422044034669|1|42200099|32813408|33155200|38873430|10681|13115|12483|11641
  PREFIX_MATCH cdc_pg_t23 rows=1036100 1036100|2225266521765550|1|42300099|32813408|33155200|38873430|10681|13115|12483|11642
  PREFIX_MATCH cdc_pg_t24 rows=1036100 1036100|2225448900306373|1|42400099|32813408|33155200|38873392|10681|13116|12483|11641
  PREFIX_MATCH cdc_pg_t25 rows=1036100 1036100|2224925964974258|1|42500099|32813408|33155200|38873430|10681|13115|12483|11641
  PREFIX_MATCH cdc_pg_t26 rows=1036100 1036100|2225222962656153|1|42600099|32813408|33155200|38873430|10681|13115|12483|11641
  PREFIX_MATCH cdc_pg_t27 rows=1036100 1036100|2225087715900543|1|42700099|32813408|33155200|38873430|10681|13115|12484|11641
  PREFIX_MATCH cdc_pg_t28 rows=1036100 1036100|2225429907807890|1|42800099|32813408|33155200|38873430|10681|13115|12483|11641
  PREFIX_MATCH cdc_pg_t29 rows=1036100 1036100|2225320894645469|1|42900099|32813408|33155200|38873392|10681|13116|12483|11641
  PREFIX_MATCH cdc_pg_t30 rows=1036100 1036100|2225592657228576|1|43000099|32813408|33155200|38873392|10681|13116|12483|11641
  PREFIX_SUMMARY checked=30 of 30 match=30 mismatch=0
  == THE CONTROL: the same reconstruction with NO correction (undo=0) ==
  CONTROL_SUMMARY checked=30 of 30 match=30 mismatch=0

  --- the writer's actual statement stream, one transaction, verbatim ---
    SET synchronous_commit = off;
    BEGIN;
    UPDATE cdc_pg_t01 SET regular_int = regular_int + 1 WHERE id BETWEEN 964801 AND 965600;
    INSERT INTO cdc_pg_t01 (id, small_str, medium_str, large_str, tiny_int, regular_int, big_int, float_val, decimal_val, bool_val, date_val, ts_val, ts_tz_val, json_val, extra_text)
           SELECT g,
                  substr(md5(g::text), 1, 8),
                  CASE WHEN g % 97  = 0 THEN NULL ELSE substr(md5((g * 7)::text), 1, 40) END,
                  substr(md5((g * 13)::text), 1, 200),
                  (g % 100)::smallint,
                  g,
                  g::bigint * 1000000,
                  (g % 10000)::double precision / 8,
                  CASE WHEN g % 89  = 0 THEN NULL ELSE ((g % 1000000)::numeric(18,4) / 100) END,
                  (g % 2 = 0),
                  date '2024-01-01' + (g % 900),
                  timestamp '2024-01-01 00:00:00' + (g % 1000000) * interval '1 microsecond',
                  timestamptz '2024-01-01 00:00:00+00' + (g % 1000000) * interval '1 microsecond',
                  CASE WHEN g % 83  = 0 THEN NULL
                       ELSE ('{"k":' || g || ',"s":"' || substr(md5(g::text), 1, 16) || '"}')::json END,
                  CASE WHEN g % 79  = 0 THEN NULL ELSE 'extra-' || substr(md5((g * 3)::text), 1, 60) END
           FROM generate_series(51000000, 51000099) AS g;
    DELETE FROM cdc_pg_t01 WHERE id BETWEEN 51000000 AND 51000099;
    COMMIT;

  --- the writer's ledger, its first and last lines for one table ---
    LEDGER s0 cdc_pg_t01 1 C/DC882000
    LEDGER s0 cdc_pg_t01 3 C/DDB50230
    LEDGER s0 cdc_pg_t01 239 D/20DA4000
    (the k field is the SESSION's loop index, not the table's transaction number;
     see the report's fault 4 — the claim is made against apitap's own
     per_table_rows counter instead)

===== 9b. the converge drain that finished leg 3's backlog, and the final verify
  LEG apitap tag=converge mode=drain
    stopped_by completed
    wall_container_s 527.5
    docker_state false 0 (OOMKilled ExitCode)
    cgroup_memory_peak_mb 60.4
    DRAIN pass=1 rows=3420000 wall_s=525.936 budget=1 tables_reporting=30 fd_now=4 fd_peak=13
    FD_PEAK 13
    FD_END 4
    MEMPEAK=63324160
    MEMEVENTS=high 0 max 0 oom 0 oom_kill 0 
    FD_PEAK 30
    FD_END 4
    FD_PEAK 13
    FD_END 4
    FD_PEAK 12
    FD_END 4
    FD_PEAK 13
    FD_END 4
    FD_PEAK 13
    FD_END 4
    FD_PEAK 12
    FD_END 4
    FD_PEAK 13
    FD_END 4
    stopped_by container_exited
    docker_state true 137 (OOMKilled ExitCode)
    cgroup_memory_peak_mb 0.0
  VERIFY_SUMMARY checked=30 of 30 match=30 mismatch=0
  TOTAL_ROWS 31139000

===== 10. the walshadow leg: one, same source/destination/cap
  LEG walshadow tag=stress default-config
    stopped_by container_exited
    docker_state true 137 (OOMKilled ExitCode)
    cgroup_memory_peak_mb 0.0
    host_sampled_peak_mb 0.0
    rows_landed 0 of 31080000
    last_log_lines:
      2026-10-04T08:41:55.565555Z  WARN walshadow: --shadow-dbname is deprecated and ignored; the shadow catalog follows the applied [source] dbname shadow_dbname=postgres
      2026-10-04T08:41:55.570418Z  INFO walshadow::metrics: metrics endpoint serving addr=0.0.0.0:9484
      2026-10-04T08:41:55.574963Z  INFO walshadow::control: control socket listening socket=/var/run/walshadow/control.sock
      2026-10-04T08:41:55.587491Z  INFO walshadow: source identified sysid=7692620881285238824 timeline=1 xlogpos="D/21E6CDD0"
      2026-10-04T08:41:55.610410Z  INFO walshadow: physical replication slot ready slot="walshadow"
      2026-10-04T08:41:55.863145Z  INFO walshadow::backfill::backfill_bootstrap: catalog seed populated target="walshadow::backfill_bootstrap" relations=60
      2026-10-04T08:41:55.886654Z  INFO walshadow::bootstrap: catalog map seeded relations=60 catalog_filenodes=272 mode=Direct shadow_data_dir=/var/lib/walshadow/shadow-data
      2026-10-04T08:41:56.154744Z  INFO walshadow::bootstrap: bootstrap insert tail started addr=127.0.0.1:9128 lanes=1 inserters=3 row_budget=4194304 byte_budget=268435456
  after  apitap-bench-cdc-stress-ws loadavg=20.13 14.48 10.76 memavail_kb=45652404 cached_kb=32709504 disk_avail=39G

===== 11. leak checks, taken with the campaign's state still intact
  == descriptors, per leg, measured from inside each container ==
    FDCOUNT pass=1 before=4
    FDCOUNT pass=1 after=4
    FD_PEAK 30
    FD_END 4
    FDCOUNT pass=1 before=4
    FDCOUNT pass=1 after=4
    FD_PEAK 13
    FD_END 4
    FDCOUNT pass=1 before=4
    FDCOUNT pass=1 after=4
    FD_PEAK 12
    FD_END 4
    FDCOUNT pass=1 before=4
    FDCOUNT pass=1 after=4
    FD_PEAK 13
    FD_END 4
    FDCOUNT pass=1 before=4
    FDCOUNT pass=1 after=4
    FD_PEAK 13
    FD_END 4
    FDCOUNT pass=1 before=4
    FDCOUNT pass=1 after=4
    FD_PEAK 12
    FD_END 4
    FDCOUNT pass=1 before=4
    FDCOUNT pass=1 after=4
    FD_PEAK 13
    FD_END 4
  == replication slots and the WAL they retain ==
    apitap_g25786459cc6 type=logical active=f wal_status=reserved retained=21 MB
    publications: apitap_g25786459cc6_pub
    total WAL held by slots: 21 MB
    spilly transactions: 0 txns / 0 spills / 0 bytes
  == _apitap_lease: a leaked lease is a table a peer cannot claim ==
    rows=1303
    UNCOLLECTED AND STILL LIVE = 0
  == staging / marker leftovers ==
    (no _apitap_cdc_pending table)
  == the group's own state rows ==
    rows=30 mode=log_based cursor=_lsn distinct_watermarks=1 watermark=56402757640..56402757640
  == walshadow 0.1.2, ONE leg, the same source/destination/cap ==
     empty destination, no apitap slot, the same 30 tables, the same cap
    config: 30 table blocks
  before apitap-bench-cdc-stress-ws loadavg=21.90 14.63 10.77 memavail_kb=45643632 cached_kb=32943604 disk_avail=39G
    +  0s ch_rows=0
    +  5s ch_rows=0
    container exited after 10s
  LEG walshadow tag=stress default-config
    stopped_by container_exited
    docker_state true 137 (OOMKilled ExitCode)
    cgroup_memory_peak_mb 0.0
    host_sampled_peak_mb 0.0
    rows_landed 0 of 31080000
    last_log_lines:
      2026-10-04T08:41:55.565555Z  WARN walshadow: --shadow-dbname is deprecated and ignored; the shadow catalog follows the applied [source] dbname shadow_dbname=postgres
      2026-10-04T08:41:55.570418Z  INFO walshadow::metrics: metrics endpoint serving addr=0.0.0.0:9484
      2026-10-04T08:41:55.574963Z  INFO walshadow::control: control socket listening socket=/var/run/walshadow/control.sock
      2026-10-04T08:41:55.587491Z  INFO walshadow: source identified sysid=7692620881285238824 timeline=1 xlogpos="D/21E6CDD0"
      2026-10-04T08:41:55.610410Z  INFO walshadow: physical replication slot ready slot="walshadow"
      2026-10-04T08:41:55.863145Z  INFO walshadow::backfill::backfill_bootstrap: catalog seed populated target="walshadow::backfill_bootstrap" relations=60
      2026-10-04T08:41:55.886654Z  INFO walshadow::bootstrap: catalog map seeded relations=60 catalog_filenodes=272 mode=Direct shadow_data_dir=/var/lib/walshadow/shadow-data
      2026-10-04T08:41:56.154744Z  INFO walshadow::bootstrap: bootstrap insert tail started addr=127.0.0.1:9128 lanes=1 inserters=3 row_budget=4194304 byte_budget=268435456
  after  apitap-bench-cdc-stress-ws loadavg=20.13 14.48 10.76 memavail_kb=45652404 cached_kb=32709504 disk_avail=39G
    leftover destination tables: 0
  == this campaign's containers ==
  apitap-bench-cdc-pg  postgres:16-alpine  Up 4 hours
  apitap-bench-cdc-my  mysql:8.0  Up 5 hours
  apitap-bench-cdc-ch  clickhouse/clickhouse-server:24.8  Up 6 hours
  == this campaign's volumes ==
    apitap-bench-cdc-pg-data 16G
    apitap-bench-cdc-ch-data 1.4G
    pg_wal 2.0G	/var/lib/docker/volumes/apitap-bench-cdc-pg-data/_data/pg_wal
  == the seed, KEPT ==
    30 tables, 13 GB
  == destination leftovers ==
    cdc_pg_t* tables: 0
  == replication slots ==
    (none)
  == disk ==
    /dev/sda1       339G  301G   39G  89% /

===== 11b. the catch-up curve's mirror image: the final drain emptying the slot
  t=6097.9   retained=      0.0 MB  none      wm=0..0 distinct=0 ch_rows=0
  t=DRAIN_SLOT_EMPTY container=apitap-bench-cdc-stress-drain retained=      0.0 MB            wm=.. distinct= ch_rows=
  t=6103.8   retained=      0.0 MB  none      wm=0..0 distinct=0 ch_rows=0
  t=DRAIN_SLOT_EMPTY container=apitap-bench-cdc-stress-drain retained=      0.0 MB            wm=.. distinct= ch_rows=
  t=6109.9   retained=      0.0 MB  none      wm=0..0 distinct=0 ch_rows=0
  t=DRAIN_SLOT_EMPTY container=apitap-bench-cdc-stress-drain retained=      0.0 MB            wm=.. distinct= ch_rows=
  t=6116.0   retained=      0.0 MB  none      wm=0..0 distinct=0 ch_rows=0
  t=DRAIN_SLOT_EMPTY container=apitap-bench-cdc-stress-drain retained=      0.0 MB            wm=.. distinct= ch_rows=
  t=6122.0   retained=      0.0 MB  none      wm=0..0 distinct=0 ch_rows=0
  t=DRAIN_SLOT_EMPTY container=apitap-bench-cdc-stress-drain retained=      0.0 MB            wm=.. distinct= ch_rows=
  t=6128.1   retained=      0.0 MB  none      wm=0..0 distinct=0 ch_rows=0
  t=DRAIN_SLOT_EMPTY container=apitap-bench-cdc-stress-drain retained=      0.0 MB            wm=.. distinct= ch_rows=
  t=6134.1   retained=      0.0 MB  none      wm=0..0 distinct=0 ch_rows=0
  t=DRAIN_SLOT_EMPTY container=apitap-bench-cdc-stress-drain retained=      0.0 MB            wm=.. distinct= ch_rows=
  t=6140.2   retained=      0.0 MB  none      wm=0..0 distinct=0 ch_rows=0
  t=DRAIN_SLOT_EMPTY container=apitap-bench-cdc-stress-drain retained=      0.0 MB            wm=.. distinct= ch_rows=
  t=6146.4   retained=      0.0 MB  none      wm=0..0 distinct=0 ch_rows=0
  t=DRAIN_SLOT_EMPTY container=apitap-bench-cdc-stress-drain retained=      0.0 MB            wm=.. distinct= ch_rows=
  t=6152.4   retained=      0.0 MB  none      wm=0..0 distinct=0 ch_rows=0
  t=DRAIN_SLOT_EMPTY container=apitap-bench-cdc-stress-drain retained=      0.0 MB            wm=.. distinct= ch_rows=
  t=6158.4   retained=      0.0 MB  none      wm=0..0 distinct=0 ch_rows=0
  t=DRAIN_SLOT_EMPTY container=apitap-bench-cdc-stress-drain retained=      0.0 MB            wm=.. distinct= ch_rows=
  t=6164.5   retained=      0.0 MB  none      wm=0..0 distinct=0 ch_rows=0
  t=DRAIN_SLOT_EMPTY container=apitap-bench-cdc-stress-drain retained=      0.0 MB            wm=.. distinct= ch_rows=
  t=6170.7   retained=      0.0 MB  none      wm=0..0 distinct=0 ch_rows=0
  t=DRAIN_SLOT_EMPTY container=apitap-bench-cdc-stress-drain retained=      0.0 MB            wm=.. distinct= ch_rows=
  t=6176.9   retained=      0.0 MB  none      wm=0..0 distinct=0 ch_rows=0
  t=DRAIN_SLOT_EMPTY container=apitap-bench-cdc-stress-drain retained=      0.0 MB            wm=.. distinct= ch_rows=
  t=6182.9   retained=      0.0 MB  none      wm=0..0 distinct=0 ch_rows=0
  t=DRAIN_SLOT_EMPTY container=apitap-bench-cdc-stress-drain retained=      0.0 MB            wm=.. distinct= ch_rows=
  t=6189.0   retained=      0.0 MB  none      wm=0..0 distinct=0 ch_rows=0
  t=DRAIN_SLOT_EMPTY container=apitap-bench-cdc-stress-drain retained=      0.0 MB            wm=.. distinct= ch_rows=
  t=6195.0   retained=      0.0 MB  none      wm=0..0 distinct=0 ch_rows=0
  t=DRAIN_SLOT_EMPTY container=apitap-bench-cdc-stress-drain retained=      0.0 MB            wm=.. distinct= ch_rows=
  t=6201.1   retained=      0.0 MB  none      wm=0..0 distinct=0 ch_rows=0
  t=DRAIN_SLOT_EMPTY container=apitap-bench-cdc-stress-drain retained=      0.0 MB            wm=.. distinct= ch_rows=
  t=6207.4   retained=      0.0 MB  none      wm=0..0 distinct=0 ch_rows=0
  t=DRAIN_SLOT_EMPTY container=apitap-bench-cdc-stress-drain retained=      0.0 MB            wm=.. distinct= ch_rows=
  t=6213.4   retained=      0.0 MB  none      wm=0..0 distinct=0 ch_rows=0
  t=DRAIN_SLOT_EMPTY container=apitap-bench-cdc-stress-drain retained=      0.0 MB            wm=.. distinct= ch_rows=

===== 12. host state around every leg
  after start loadavg=3.85 3.45 3.46 memavail_kb=46261948 cached_kb=28343060 disk_avail=43G
  after start loadavg=7.11 5.10 4.15 memavail_kb=46303740 cached_kb=28316552 disk_avail=43G
  before apitap-bench-cdc-stress-bootstrap loadavg=3.48 3.43 3.68 memavail_kb=46032588 cached_kb=28520096 disk_avail=43G
  after  apitap-bench-cdc-stress-bootstrap loadavg=6.53 4.86 4.19 memavail_kb=45850916 cached_kb=33479644 disk_avail=38G
  after bootstrap loadavg=10.66 6.59 4.89 memavail_kb=45763612 cached_kb=33517736 disk_avail=38G
  before apitap-bench-cdc-stress-calm-drain1 loadavg=4.65 5.42 4.77 memavail_kb=46263060 cached_kb=33609208 disk_avail=38G
  after  apitap-bench-cdc-stress-calm-drain1 loadavg=5.72 5.58 4.84 memavail_kb=46237860 cached_kb=33661340 disk_avail=38G
  before apitap-bench-cdc-stress-calm-drain2 loadavg=3.88 5.15 4.74 memavail_kb=46260256 cached_kb=33645312 disk_avail=38G
  after  apitap-bench-cdc-stress-calm-drain2 loadavg=3.64 5.08 4.72 memavail_kb=46121520 cached_kb=33651164 disk_avail=38G
  after calm loadavg=15.88 7.70 5.65 memavail_kb=46058916 cached_kb=33620628 disk_avail=38G
  before apitap-bench-cdc-stress-calm-drain1 loadavg=8.03 5.79 5.26 memavail_kb=46293592 cached_kb=35043208 disk_avail=38G
  after  apitap-bench-cdc-stress-calm-drain1 loadavg=7.14 7.99 6.81 memavail_kb=45331412 cached_kb=36716580 disk_avail=36G
  before apitap-bench-cdc-stress-calm-drain2 loadavg=4.57 7.07 6.57 memavail_kb=45463244 cached_kb=36476516 disk_avail=37G
  after  apitap-bench-cdc-stress-calm-drain2 loadavg=4.37 6.99 6.55 memavail_kb=45422108 cached_kb=36447432 disk_avail=37G
  after calm loadavg=7.30 6.98 6.58 memavail_kb=44874112 cached_kb=34727624 disk_avail=38G
  before stress loadavg=4.50 5.94 6.24 memavail_kb=45476484 cached_kb=34423576 disk_avail=39G
  before apitap-bench-cdc-stress-drain loadavg=4.50 5.94 6.24 memavail_kb=45488756 cached_kb=34423168 disk_avail=39G
  after stress loadavg=6.22 6.35 6.37 memavail_kb=45605848 cached_kb=36875936 disk_avail=38G
  before apitap-bench-cdc-stress-bootstrap loadavg=6.20 6.24 6.33 memavail_kb=45792724 cached_kb=31424888 disk_avail=44G
  after  apitap-bench-cdc-stress-bootstrap loadavg=8.75 7.87 6.95 memavail_kb=45736172 cached_kb=36409508 disk_avail=39G
  after bootstrap loadavg=11.75 8.71 7.33 memavail_kb=45788908 cached_kb=36419024 disk_avail=39G
  before apitap-bench-cdc-stress-calm-drain1 loadavg=4.35 6.98 6.94 memavail_kb=46034072 cached_kb=37090696 disk_avail=39G
  after  apitap-bench-cdc-stress-calm-drain1 loadavg=7.31 7.35 7.21 memavail_kb=45108608 cached_kb=38971144 disk_avail=37G
  before apitap-bench-cdc-stress-calm-drain2 loadavg=5.05 6.74 7.01 memavail_kb=45021684 cached_kb=38932884 disk_avail=37G
  after  apitap-bench-cdc-stress-calm-drain2 loadavg=4.80 6.66 6.98 memavail_kb=45206188 cached_kb=38916556 disk_avail=37G
  after calm loadavg=12.52 8.60 7.62 memavail_kb=44961980 cached_kb=38584492 disk_avail=37G
  before stress loadavg=3.30 5.95 6.76 memavail_kb=45300720 cached_kb=38130156 disk_avail=38G
  before apitap-bench-cdc-stress-drain loadavg=3.30 5.95 6.76 memavail_kb=45283896 cached_kb=38131388 disk_avail=38G
  after stress loadavg=8.32 7.09 7.12 memavail_kb=45261064 cached_kb=38313772 disk_avail=38G
  before apitap-bench-cdc-stress-clear-aborted loadavg=5.03 6.35 6.85 memavail_kb=45729056 cached_kb=38099416 disk_avail=38G
  after  apitap-bench-cdc-stress-clear-aborted loadavg=8.82 9.08 8.60 memavail_kb=45284728 cached_kb=39033628 disk_avail=36G
  before stress loadavg=8.97 7.62 7.99 memavail_kb=45315472 cached_kb=38425096 disk_avail=37G
  after stress loadavg=16.52 11.66 9.46 memavail_kb=45524588 cached_kb=34687692 disk_avail=34G
  before apitap-bench-cdc-stress-bootstrap loadavg=4.38 8.31 8.51 memavail_kb=45664020 cached_kb=30467404 disk_avail=39G
  after  apitap-bench-cdc-stress-bootstrap loadavg=6.52 7.40 8.11 memavail_kb=45628496 cached_kb=36194684 disk_avail=35G
  after bootstrap loadavg=9.33 9.08 8.70 memavail_kb=45508056 cached_kb=36342064 disk_avail=35G
  before stress loadavg=9.33 9.08 8.70 memavail_kb=45468996 cached_kb=36342592 disk_avail=35G
  before apitap-bench-cdc-stress-bootstrap loadavg=7.54 7.14 7.97 memavail_kb=45887872 cached_kb=30912488 disk_avail=39G
  after  apitap-bench-cdc-stress-bootstrap loadavg=9.58 7.50 7.91 memavail_kb=45722628 cached_kb=36646024 disk_avail=34G
  after bootstrap loadavg=11.57 8.45 8.18 memavail_kb=45451856 cached_kb=36579492 disk_avail=34G
  before stress loadavg=11.57 8.45 8.18 memavail_kb=45489992 cached_kb=36580760 disk_avail=34G
  before apitap-bench-cdc-stress-converge loadavg=6.03 6.63 6.36 memavail_kb=45796480 cached_kb=36980720 disk_avail=34G
  after  apitap-bench-cdc-stress-converge loadavg=17.12 13.89 10.04 memavail_kb=45364492 cached_kb=39029860 disk_avail=33G
  before apitap-bench-cdc-stress-ws loadavg=21.90 14.63 10.77 memavail_kb=45643632 cached_kb=32943604 disk_avail=39G
  after  apitap-bench-cdc-stress-ws loadavg=20.13 14.48 10.76 memavail_kb=45652404 cached_kb=32709504 disk_avail=39G

===== 13. the rig afterwards
== this campaign's containers ==
apitap-bench-cdc-pg  postgres:16-alpine  Up 4 hours
apitap-bench-cdc-my  mysql:8.0  Up 5 hours
apitap-bench-cdc-ch  clickhouse/clickhouse-server:24.8  Up 7 hours
== this campaign's volumes ==
  apitap-bench-cdc-pg-data 16G
  apitap-bench-cdc-ch-data 1.1G
  pg_wal 2.0G	/var/lib/docker/volumes/apitap-bench-cdc-pg-data/_data/pg_wal
== the seed, KEPT ==
  30 tables, 13 GB
== destination leftovers ==
  cdc_pg_t* tables: 0
== replication slots ==
  (none)
== disk ==
  /dev/sda1       339G  300G   39G  89% /

===== 13b. EVERY NUMBER THE REPORT QUOTES AS DERIVED, with its inputs shown
  applied sustained (WINDOW C): 3990000 changes / 581.099 s = 6866 changes/s
  applied per CPU-second:       3990000 / (581.099 * 0.5) = 13733 changes/CPU-s
  cores for 500000 changes/s:   500000 / 13733 = 36.4 cores
  ratio offered/applied:         500000 / 6866 = 72.8x
  offered achieved:              54000000 / 105 s = 514286 changes/s = 1028571 changes/min/table
  WAL per change:                16743576984 / 54000000 = 310.1 B
  backlog slope:                 (12480715832 - 9793632) / (78.3 - 0.8) = 153 MB/s
  90M changes of WAL:            90000000 * 310.1 = 27.9 GB
  catch-up of one 3-min window:  90000000 / 6866 = 13107 s = 3.64 h
  leg3 applied total:            180000 + 3420000 = 3600000 (offered 3600000)
  leg3 applied rate:             (180000+3420000) / (34.807+525.936) = 6420 changes/s
  converge applied rate:         3420000 / 525.936 = 6503 changes/s
  clearing drain:                7375000 / 991.332 = 7439 changes/s
  cpu delivered under load:      1048827 / 1110544 = 94.4%
  30 x 1,036,100 rows:           31083000
  compression composites:        off 364.7  pglz 346.2  lz4 327.0  zstd 313.7 B/change

  --- the prefix reconstruction's control, recomputed from its two files ---
  RECONSTRUCTION_CONTROL checked=30 of 30 match=30 mismatch=0
    (diff /home/ubuntu/bench-cdc-stress/k0.txt /home/ubuntu/bench-cdc-stress/k0-plain.txt is empty; the two files are the prefix
     reconstruction at k=0 and the plain source digest, 30 lines each)

===== 14. disk, and what the ClickHouse delayed-drop costs
  /dev/sda1       339G  300G   39G  89% /
  CH store: 1.1G	/var/lib/clickhouse/store
  the destination is dropped SYNC after every verification: ClickHouse keeps a
  dropped table's data on disk for database_atomic_delay_before_drop_table_sec =
  480 s without SYNC, and the previous campaign measured 42 GB -> 9.5 GB free
  across three consecutive 8 GB landings.
